AccountNumber,Name,NumberOfEmployees,NumberofLocations__c,Phone
1,Cristie,100,61,956-397-6892
2,Lyndel,67,51,317-159-6296
3,Ruddy,72,22,608-903-2395
4,Ariel,77,99,394-945-6775
5,Rabbi,37,11,907-527-7762
6,Brocky,81,7,751-598-1565
7,Danit,11,58,843-649-6374
8,Tammi,3,66,963-804-2830
9,Elset,77,69,882-647-1591
10,Marla,51,53,539-278-7090
11,Jorge,59,36,786-918-1170
12,Lauree,85,56,119-206-0360
13,Cart,41,96,641-167-8081
14,Farr,75,21,337-113-9210
15,Scotty,72,71,388-876-2530
16,Vassili,65,75,493-746-2413
17,Angelica,1,51,234-802-1422
18,Humberto,16,56,434-884-9352
19,Kalli,45,69,183-521-7865
20,Gran,81,2,525-981-2506
21,Lorry,6,4,169-317-6071
22,Stormie,47,10,258-349-3432
23,Ginnie,48,17,614-667-4037
24,Samuele,4,16,679-758-4702
25,Jinny,87,11,388-587-8516
26,Moses,92,37,438-795-2597
27,Angie,95,30,639-853-4338
28,Gaultiero,23,75,454-496-6193
29,Brittany,27,6,751-424-4507
30,Rowland,100,88,693-469-5402
31,Reggy,9,72,702-389-2074
32,Modestia,52,13,731-363-5557
33,Jessie,12,82,211-541-0972
34,Josias,64,51,604-618-8843
35,Bernete,30,70,404-506-1731
36,Cheslie,95,20,800-696-8600
37,Nicolina,36,27,911-150-9649
38,Goldy,86,20,208-276-8489
39,Norry,62,91,258-574-7559
40,Lorry,47,4,978-752-2145
41,Irv,8,27,190-517-1166
42,Marian,36,1,965-568-4183
43,Konstantine,80,78,545-295-6546
44,Corabel,53,67,860-126-7373
45,Julia,38,27,578-256-0292
46,Ardine,88,37,461-768-4047
47,Flin,36,46,609-262-7582
48,Gorden,66,15,301-154-6863
49,Celie,68,2,765-884-3609
50,Myles,99,69,756-904-2105
51,Moreen,79,24,860-119-1013
52,Decca,22,23,986-173-4026
53,Pennie,6,55,555-308-3037
54,Cele,26,91,542-623-6269
55,Joye,26,20,188-577-3170
56,Gerri,4,5,691-254-8043
57,Nicoline,45,59,184-485-4698
58,Tamas,70,5,872-784-7245
59,Loralyn,80,13,947-162-9383
60,Brear,65,75,772-645-3745
61,Rubie,9,76,267-818-7041
62,Cammy,82,77,821-435-8394
63,Odele,6,83,894-463-7537
64,Carly,96,23,483-268-1206
65,Hewitt,96,50,585-517-1550
66,Alexandr,56,15,542-762-4794
67,Renado,18,80,800-757-0134
68,Jillie,81,72,454-725-1113
69,Harvey,91,57,853-879-2071
70,Ximenes,21,79,673-488-4145
71,Esther,79,18,558-435-5777
72,Korry,34,11,150-308-0493
73,Dieter,24,39,887-326-3130
74,Kathlin,39,21,721-244-0623
75,Gradey,12,37,149-969-2892
76,Warden,19,14,360-362-4862
77,Teodoro,48,68,754-843-2276
78,Pacorro,42,49,800-398-9918
79,Lana,81,41,153-387-9687
80,Lidia,51,52,983-518-5801
81,Heloise,68,45,158-624-5794
82,Arther,6,9,311-828-8937
83,Valina,80,4,743-387-7059
84,Sandor,35,1,254-131-9050
85,Doyle,80,67,985-608-3215
86,Casi,90,61,853-841-7045
87,Micaela,49,76,743-278-7709
88,Agnesse,16,3,710-634-3649
89,Jacintha,92,43,626-268-1162
90,Ronnica,81,25,654-541-8064
91,Shawn,25,21,589-500-6629
92,Brandyn,37,18,158-694-5274
93,Daren,1,29,648-215-9242
94,Udall,2,82,672-381-8845
95,Feliks,46,2,252-654-5099
96,Corine,64,3,248-457-2484
97,Serene,28,61,271-303-4044
98,Scarlet,84,95,174-519-6254
99,Papagena,41,69,715-854-2907
100,Elijah,42,44,147-935-4035
101,Eada,15,82,572-846-4691
102,Whitman,88,42,514-639-3296
103,Aggy,39,48,709-113-7729
104,Hamil,11,11,417-598-6929
105,Jacinthe,69,9,946-879-8267
106,Rosemarie,47,58,686-143-6253
107,Cherianne,64,55,895-380-2070
108,Shamus,79,11,697-618-4005
109,Gabey,52,80,589-913-4214
110,Sinclare,48,53,246-827-4779
111,Cherilyn,36,33,791-285-6664
112,Von,78,94,582-104-1737
113,Shandra,11,90,562-336-1882
114,Amberly,42,61,763-926-7049
115,Delphinia,84,71,689-700-4739
116,Mendie,99,12,512-253-9108
117,Stafani,10,1,550-362-0990
118,Pierette,21,80,963-555-4056
119,Sven,88,31,271-365-2823
120,Clark,75,59,601-460-7359
121,Sal,20,61,220-446-7779
122,Loleta,85,96,361-995-0882
123,Tony,58,36,191-228-2974
124,Ariadne,60,95,118-472-8300
125,Alford,47,80,392-964-9050
126,Jacinthe,75,74,226-177-3826
127,Minnaminnie,38,98,975-571-1820
128,June,37,80,419-806-4510
129,Gabe,55,21,325-362-4507
130,Jarib,99,13,936-539-9286
131,Markos,53,56,373-334-9402
132,Thalia,19,59,672-210-1517
133,Orella,84,74,567-147-1524
134,Lothario,24,2,719-470-3235
135,Hillel,85,58,953-859-4659
136,Katherina,55,34,717-238-4505
137,Gradey,28,50,457-387-9877
138,Briggs,59,64,246-179-5638
139,Ruy,71,36,642-793-0311
140,Alfons,16,99,483-209-6219
141,Lezley,39,76,862-182-2617
142,Bentley,53,81,171-682-0201
143,Matias,18,76,879-647-8508
144,Dorella,73,75,574-607-4264
145,Colby,42,93,519-932-4293
146,Tamarah,55,35,652-259-0045
147,Harper,48,87,920-929-6527
148,Loreen,61,100,638-149-8855
149,Alfred,52,32,777-574-8426
150,Bobbette,75,53,414-221-7040
151,Briggs,76,58,506-709-5269
152,Davon,60,1,966-445-3859
153,Gerri,11,63,752-907-7845
154,Yard,91,72,888-938-5287
155,Salim,33,82,399-998-8902
156,Derry,78,100,876-142-8498
157,Alayne,7,85,506-558-4862
158,Bianca,41,61,917-736-0823
159,Russ,53,38,913-152-4321
160,Jo-ann,7,53,656-396-6299
161,Virgie,86,98,733-722-1710
162,Lonee,45,9,768-868-0501
163,Prudence,82,70,149-538-7183
164,Evelin,47,47,634-545-4338
165,Carlyle,73,64,239-401-8309
166,Joleen,8,27,376-905-7258
167,Vaclav,16,10,147-915-2025
168,Olly,56,87,951-754-2790
169,Abrahan,34,61,405-417-8038
170,Ave,32,29,498-378-6144
171,Barry,98,62,976-568-5917
172,Karlie,9,34,915-839-0194
173,Marchelle,63,45,581-878-5958
174,Iosep,14,1,306-462-9454
175,Winne,22,2,915-241-1122
176,Sarene,22,12,123-820-0156
177,Krishnah,91,33,934-965-0291
178,Roxane,21,84,208-135-3556
179,Sally,84,69,734-716-1556
180,Sheila,87,63,267-650-5838
181,Romy,77,21,510-195-0640
182,Emmalynn,23,51,772-291-7740
183,Eugene,32,90,396-534-6900
184,Holly-anne,70,9,688-182-4039
185,Nita,21,18,664-247-8834
186,Guy,84,41,678-832-7333
187,Erhart,100,85,805-108-0527
188,Margalit,68,42,990-548-5811
189,Vladimir,60,60,883-278-3554
190,Codee,49,42,991-116-3132
191,Tuckie,23,7,351-486-7315
192,Kelby,36,68,138-368-6712
193,Keriann,25,82,814-913-8210
194,Babita,77,19,162-658-1891
195,Morgen,90,91,506-616-2920
196,Nils,14,16,679-873-2335
197,Ninnetta,7,32,754-316-0321
198,Nathalie,17,48,214-194-0775
199,Webb,71,50,612-409-6864
200,Franklin,64,37,333-140-2179
201,Hayley,50,19,459-794-6209
202,Aldus,97,83,923-228-3784
203,Sheela,30,72,260-365-8276
204,Tynan,41,73,215-791-5036
205,Corine,23,36,291-599-7500
206,Haydon,80,46,787-530-7257
207,Camey,74,84,984-327-8004
208,Patrizio,6,54,117-851-9154
209,Wang,59,58,615-720-1821
210,Iver,55,63,962-677-0283
211,Aguie,56,99,237-147-1884
212,Rozanna,80,82,560-280-7196
213,Arnuad,58,10,534-461-3806
214,Stefan,29,38,152-700-4686
215,Alexandros,58,93,499-155-4189
216,Mary,67,7,875-471-9834
217,Collen,70,9,351-836-9935
218,Emelina,72,28,623-780-3906
219,Rosalynd,40,55,704-278-4384
220,Mitchel,34,81,353-317-8665
221,Cathlene,15,98,692-950-0932
222,Lauryn,89,19,455-380-0811
223,Mozes,31,85,737-419-2288
224,Timmie,43,5,929-274-5467
225,Berget,15,57,533-889-8956
226,Cassie,100,78,588-842-1804
227,Chickie,65,32,849-925-0773
228,Flss,97,7,143-176-1462
229,Farly,38,47,572-843-3419
230,Neill,30,33,458-252-3001
231,Levi,7,5,239-110-3695
232,Remington,85,61,163-120-4954
233,Evelyn,82,33,309-600-2132
234,Jozef,89,11,293-603-9784
235,Adele,47,72,944-787-5846
236,Sibylle,90,46,250-388-3465
237,Papageno,56,49,271-723-7864
238,Ruggiero,31,58,966-883-3072
239,Karlik,49,16,155-106-8733
240,Bebe,80,42,467-438-1731
241,Alli,6,21,200-320-5162
242,Maureen,94,26,508-336-3982
243,Jere,53,29,818-917-7387
244,Maudie,27,68,170-456-1280
245,Sharia,37,82,797-759-0579
246,Tamqrah,73,39,906-924-5642
247,Theodora,21,98,128-495-6576
248,Doreen,37,79,408-137-7049
249,Paton,22,37,947-287-9623
250,Geri,11,62,612-211-7992
251,Beryl,96,54,177-760-5124
252,Brandy,47,70,448-338-2090
253,Delila,41,86,879-901-1829
254,Delora,72,49,509-725-1349
255,Odie,68,3,494-104-5013
256,Giordano,12,54,880-187-1969
257,Sallyann,20,91,876-144-7244
258,Jinny,71,8,550-764-6629
259,Marietta,30,55,793-962-2794
260,Bonny,45,37,730-968-2602
261,Karilynn,18,88,406-827-2952
262,Hilario,7,15,282-732-6821
263,Eran,28,76,635-573-1900
264,Gussy,98,25,744-926-8353
265,Indira,1,88,892-746-2930
266,Lanny,44,39,119-771-1302
267,Janith,52,81,970-738-2060
268,Juliette,78,48,682-305-1380
269,Tanitansy,92,75,158-784-4167
270,Timmie,47,54,544-925-1941
271,Tildie,80,3,903-885-0258
272,Bary,71,30,483-957-5621
273,Emmott,28,27,842-160-4705
274,Chrysler,54,34,160-925-3958
275,Tiffie,66,45,908-722-7998
276,Winnie,38,26,629-365-9949
277,Ethan,57,35,668-959-4787
278,Timoteo,12,96,517-477-5640
279,Bunnie,70,82,333-771-1387
280,Gilemette,28,48,639-207-5354
281,Doroteya,73,27,292-390-3101
282,Carri,31,80,615-460-7239
283,Dennie,91,84,401-918-3308
284,Saloma,80,11,879-182-8888
285,Daron,27,2,644-953-5306
286,Barnett,88,8,228-367-8887
287,Dorey,82,19,317-951-9406
288,Dolley,95,50,853-589-5248
289,Minta,19,84,865-233-7524
290,Alwyn,73,42,526-978-6845
291,Briano,87,79,252-597-1053
292,Pia,32,17,804-838-1837
293,Tiena,92,95,330-977-4917
294,Bettine,24,85,762-504-6057
295,Lorrie,36,7,464-398-9682
296,Carole,62,86,396-498-4571
297,Edsel,13,78,930-144-7643
298,Magdaia,56,95,473-699-9496
299,Adria,4,7,993-472-7610
300,Robinett,62,81,869-304-0721
301,Archie,82,95,692-500-3933
302,Franklin,17,99,664-715-0964
303,Elisha,90,95,393-301-6606
304,Ross,11,26,916-146-8908
305,Harlan,96,83,969-288-6507
306,Vally,100,41,804-315-9337
307,Shaun,30,87,423-959-1172
308,Pamela,54,63,490-571-3876
309,Minette,11,74,450-190-2147
310,Maggi,71,82,402-467-8133
311,Tobiah,81,83,839-966-8969
312,Clevey,24,75,747-207-5823
313,Gardiner,46,64,533-322-7066
314,Far,11,32,211-649-2738
315,Kittie,36,27,494-396-3242
316,Sigismondo,10,97,935-539-2312
317,Tamarra,6,84,705-252-6218
318,Mortie,86,15,551-747-2830
319,Consalve,24,98,314-985-0815
320,Adella,57,68,609-673-9675
321,Risa,60,38,233-497-5422
322,Nerti,5,51,547-334-8093
323,Jessalyn,75,38,297-894-9202
324,Cloris,49,40,859-526-8609
325,Euphemia,74,8,188-436-4328
326,Culver,98,9,449-414-2839
327,Kate,41,72,789-162-3019
328,Janeva,59,12,135-642-6278
329,Olympie,93,65,202-867-0926
330,Vinny,1,3,581-548-9123
331,Josselyn,52,57,285-338-7389
332,Ginnifer,51,8,491-504-6797
333,Daren,93,92,905-383-7512
334,Aldis,93,2,896-231-9130
335,Jock,32,10,556-710-3661
336,Dareen,69,17,461-575-3545
337,Charyl,77,70,532-392-0989
338,Goldia,62,37,761-858-7765
339,Shannen,64,48,599-418-8450
340,Mersey,97,68,801-350-7033
341,Fielding,21,36,919-609-6708
342,Granger,29,27,558-473-5199
343,Ricoriki,90,5,537-685-4531
344,Esdras,79,4,856-580-0260
345,Miriam,78,81,381-164-3094
346,Kaleena,82,66,565-291-5135
347,Roi,57,53,577-500-5297
348,Diarmid,50,47,790-691-4204
349,Godfrey,68,89,495-652-7853
350,Daloris,35,68,329-703-3926
351,Alvis,35,34,171-585-6683
352,Harwilll,93,11,794-486-6081
353,Colin,63,9,746-756-4409
354,Ingelbert,12,16,531-917-8078
355,Reid,28,48,804-522-7821
356,Silvano,15,20,738-880-0080
357,Chelsy,100,65,158-795-5938
358,Gabbie,94,17,447-212-7097
359,Howey,50,15,994-215-7445
360,Anet,29,90,110-852-2062
361,Antonie,91,97,206-748-2506
362,Zorah,47,100,349-363-8990
363,Noach,28,57,316-359-5816
364,Nataniel,72,58,304-762-3462
365,Kimble,70,37,887-439-1949
366,Uriel,2,63,266-669-5911
367,Kelsey,13,51,752-588-3000
368,Haroun,88,96,163-249-4676
369,Penelope,64,59,765-378-2568
370,Erroll,45,9,939-693-0974
371,Merrick,17,52,224-897-2696
372,Joseito,63,38,684-118-2300
373,Cinderella,99,34,724-896-4786
374,Lammond,87,1,375-666-5305
375,Leonid,40,47,320-871-5486
376,Barney,44,91,808-780-8992
377,Matthias,79,3,803-345-1570
378,Dolli,24,4,215-347-9246
379,Eugen,14,38,367-189-8540
380,Austin,20,100,435-810-5024
381,Gael,11,47,490-492-3356
382,Rutger,55,30,328-672-5368
383,Ring,4,58,552-269-1136
384,Arly,7,34,592-859-6525
385,Woodie,45,61,588-638-7475
386,Shanna,69,35,772-733-1066
387,Teddy,24,1,922-536-8236
388,Mike,90,93,645-137-5773
389,Giuditta,56,1,297-529-3170
390,Pammie,2,44,761-961-8325
391,Marabel,17,24,672-140-3028
392,Noel,82,79,852-567-8440
393,Belle,73,30,493-313-9675
394,Tobe,11,84,543-678-5351
395,Anette,20,50,354-715-6843
396,Barrie,62,33,435-102-1656
397,Jamill,60,28,951-634-0354
398,Shanta,38,73,324-527-6395
399,Theodor,8,35,940-888-1230
400,Luciana,61,90,455-433-9651
401,Harland,31,21,171-901-6740
402,Risa,76,13,611-855-0051
403,Giffie,91,81,190-642-0808
404,Allen,88,46,235-460-7295
405,Lebbie,78,34,751-402-5486
406,Mel,93,53,959-401-4956
407,Skippy,21,92,400-766-6768
408,Lindsay,97,70,591-861-9663
409,Frankie,21,69,913-408-6562
410,Kaile,29,96,830-847-8894
411,Bunny,9,28,271-771-8069
412,Filide,42,13,179-251-2985
413,Neil,62,73,259-223-9725
414,Web,40,45,602-635-6042
415,Clarinda,56,32,922-495-6871
416,Carver,86,6,174-425-5131
417,Maris,66,36,550-946-0576
418,Dorie,8,82,521-968-0851
419,Myra,40,64,576-311-2801
420,Keelia,36,36,981-280-0403
421,Annecorinne,37,1,215-683-0365
422,Mab,41,100,680-963-7808
423,Rose,13,32,663-461-0908
424,Trace,2,5,164-268-5067
425,Feliks,15,93,179-748-9376
426,Lotty,82,31,562-838-4369
427,Tori,21,66,244-666-1664
428,Loren,88,28,746-615-8300
429,Cesaro,76,6,701-908-7921
430,Konstance,100,17,776-367-5136
431,Ram,61,13,195-647-3526
432,Sheilah,15,34,166-751-2982
433,Wendall,66,55,865-450-2197
434,Karylin,55,96,978-242-6541
435,Halley,23,25,918-647-7274
436,Karly,89,24,789-923-0511
437,Janela,100,85,304-941-1695
438,Corrianne,66,49,124-305-1047
439,Currie,8,38,401-413-3290
440,Tomlin,25,64,318-823-2756
441,Ariadne,54,95,477-143-1236
442,Vyky,62,8,166-577-0062
443,Leigh,18,13,304-372-8842
444,Euphemia,100,60,833-981-2833
445,Rebekkah,16,64,390-409-5400
446,Erina,75,70,167-788-3282
447,Alika,89,83,188-360-4430
448,Oralla,65,57,572-554-6255
449,Kelvin,7,61,863-901-9312
450,Robby,58,41,290-224-3296
451,Walt,63,37,921-760-5048
452,Devi,39,79,531-694-4457
453,Errick,97,22,965-532-2845
454,Stillman,2,93,713-733-2628
455,Britte,44,94,219-687-9842
456,Artur,28,9,607-613-9901
457,Starlene,67,88,583-533-9663
458,Scarface,49,2,757-199-4379
459,Corabelle,7,90,838-883-4536
460,Brion,14,77,625-683-1390
461,Lavina,4,78,146-988-0569
462,Darlleen,18,49,276-282-9615
463,Inglis,31,30,118-659-1985
464,Vick,6,57,140-686-3873
465,Dorelle,18,32,468-981-2962
466,Sonja,89,16,746-469-7844
467,Eugene,80,99,863-390-9858
468,Tamiko,64,37,817-267-0161
469,Cori,44,96,305-341-0249
470,Karil,5,43,141-934-7980
471,Drucill,46,100,405-467-2285
472,Henka,12,17,635-370-8042
473,Rutter,31,45,317-820-5272
474,Susette,96,31,321-828-2316
475,Lay,66,20,942-335-6302
476,Sallie,98,40,840-915-7187
477,Berkie,81,98,765-703-5731
478,Fletch,57,73,226-550-1960
479,Barrett,88,74,151-412-7470
480,Dannel,57,76,672-881-5180
481,Pandora,18,65,646-354-3841
482,Letta,71,63,787-153-1808
483,Ana,60,49,408-676-6259
484,Arline,70,82,687-100-4111
485,Fidelity,66,86,772-743-4600
486,Marisa,42,79,139-303-3605
487,Brena,89,38,801-523-3130
488,Jacinta,16,70,441-496-4926
489,Johnette,31,9,230-858-9744
490,Johnath,80,34,647-255-5082
491,Marina,87,25,164-181-6848
492,Skippie,31,87,313-604-2719
493,Shayne,47,13,597-734-2152
494,Standford,46,89,561-694-6618
495,Lorene,54,80,150-571-1847
496,Cissiee,39,90,847-627-9059
497,Stephen,84,85,982-428-1962
498,Hunter,99,6,292-116-5981
499,Evelyn,17,82,419-243-6921
500,Nanny,50,15,492-418-3848
501,Roley,73,94,866-989-1448
502,Cathlene,56,8,594-704-6278
503,Verile,48,63,212-231-0716
504,Lauretta,54,96,854-523-8008
505,Isaac,12,78,994-294-9838
506,Genny,64,27,616-824-9248
507,Gino,27,45,358-855-1539
508,Zea,83,23,170-367-4046
509,Audrye,63,53,768-697-9823
510,Butch,74,16,392-229-2372
511,Devlen,11,34,388-504-4557
512,Lindsy,7,67,408-372-9385
513,Chelsea,77,11,598-492-4260
514,Janela,33,9,343-596-0880
515,Dallas,30,38,872-881-4625
516,Hettie,14,48,390-852-9653
517,Lesly,24,99,958-901-4496
518,Filip,23,66,777-858-5563
519,Leese,73,87,109-538-4108
520,Gregg,80,30,710-776-8508
521,Dwayne,80,7,510-572-2490
522,Julita,53,67,748-151-8967
523,Mandy,78,24,767-340-2704
524,Tessie,81,72,516-888-8248
525,Geoffry,78,91,139-582-4118
526,Mordy,27,11,377-792-3782
527,Trueman,21,74,584-489-3615
528,May,57,82,877-964-6443
529,Kaja,72,16,352-334-2254
530,Nikolaos,80,69,348-363-1300
531,Broderic,13,49,983-418-1778
532,Barby,57,87,777-709-9065
533,Marge,74,61,376-609-6718
534,Tobiah,20,29,268-600-9056
535,Jennette,30,43,315-788-9173
536,Pepe,38,38,285-368-0862
537,Adriaens,85,28,753-908-6261
538,Jehu,54,29,576-895-7107
539,Ralf,80,99,374-202-3533
540,Fraze,58,28,450-233-1863
541,Ivor,15,29,603-782-4300
542,Peggi,90,74,323-863-4414
543,Terry,20,97,560-705-5819
544,Raymond,74,21,810-686-4185
545,Pearline,76,9,633-485-3783
546,Eldon,40,53,843-522-4935
547,Joelle,84,41,648-502-3231
548,Mendy,62,65,400-830-2858
549,Lethia,98,83,256-815-2567
550,Timmy,28,54,410-385-8235
551,Lowe,16,52,296-122-8923
552,Wald,60,63,864-919-9782
553,Lavina,23,45,293-263-7065
554,Lillian,20,33,544-597-0817
555,Essy,12,74,170-925-1912
556,Shurlock,18,11,103-296-9197
557,Grace,73,40,571-823-6914
558,Hughie,19,81,358-884-5920
559,Marian,5,84,181-565-5091
560,Rogers,60,83,204-958-6421
561,Elwira,92,18,438-750-0326
562,Isaac,5,13,659-500-5285
563,Dacy,38,56,408-187-3628
564,Electra,60,63,501-696-5428
565,Brian,90,21,712-817-1312
566,Gaelan,82,85,351-485-8366
567,Ilaire,23,17,566-280-0027
568,Filide,83,48,591-832-0657
569,Merell,59,47,548-950-5415
570,Axel,71,83,289-932-7950
571,Iormina,51,78,639-115-2607
572,Rosanna,14,9,721-544-3033
573,Fania,3,48,103-306-2642
574,Laureen,51,24,530-819-3601
575,Sigrid,9,35,541-678-9841
576,Wenona,61,27,364-543-9380
577,Nicoline,83,41,553-963-0459
578,Penny,35,43,349-422-8587
579,Woodman,63,76,890-353-8445
580,Dominica,9,6,600-634-3073
581,Concettina,87,75,395-276-5717
582,Maurice,36,73,460-394-6019
583,Jerald,57,93,951-175-8217
584,Anatollo,31,43,945-397-0865
585,Ophelia,91,86,717-980-8934
586,Netti,25,43,439-424-2257
587,Shanie,62,78,353-190-7431
588,Esma,40,76,715-990-0516
589,Dana,11,14,409-645-8764
590,Haze,61,33,625-772-4195
591,Connor,13,93,201-667-2940
592,Berri,29,65,250-824-2229
593,Zita,26,1,548-551-2249
594,Niles,90,61,836-260-2349
595,Kelwin,36,30,893-140-3824
596,Tobey,32,35,917-486-9132
597,Petronilla,23,10,138-409-4303
598,Vergil,47,86,165-548-9214
599,Merna,24,82,998-772-4234
600,Cullin,9,69,978-616-1318
601,Alina,22,2,549-627-4789
602,Celestyn,42,12,257-862-7966
603,Kassandra,4,68,375-127-3864
604,Sharline,68,2,448-130-0060
605,Velvet,8,52,671-930-5223
606,Marianne,77,45,562-711-8665
607,Martie,61,80,300-507-8848
608,Adelle,56,25,470-787-1719
609,Elinore,61,35,635-287-5178
610,Justino,39,91,780-956-6174
611,Carolina,89,50,412-405-0293
612,Zara,84,88,611-773-9123
613,Deanna,62,15,553-585-2843
614,Alexandro,80,16,529-570-7351
615,Clayborn,12,18,913-939-3673
616,Gunar,39,16,808-566-5892
617,Ethelin,60,82,260-390-2523
618,Crin,52,41,770-734-4859
619,Mayer,70,76,307-600-7724
620,Ebenezer,80,9,253-733-1418
621,Tedd,16,56,304-917-5335
622,Christabella,21,42,486-293-0847
623,August,26,64,982-331-0784
624,Dewie,8,33,460-191-8601
625,Joete,86,67,525-307-6444
626,Jazmin,99,86,357-654-1666
627,Verene,66,49,626-583-2742
628,Pembroke,20,60,725-608-4380
629,Denice,100,96,266-962-5608
630,Zea,4,20,383-929-3033
631,Janeen,32,2,441-929-1667
632,Beryle,66,20,473-402-7488
633,Mitchell,61,43,494-811-2363
634,Darby,85,89,770-944-7527
635,Lorilee,79,21,159-508-1208
636,Nerita,30,87,968-634-8045
637,Haleigh,27,15,325-940-1905
638,Levey,80,58,145-405-3281
639,Stanly,2,18,345-179-5589
640,Brenden,43,40,465-474-5238
641,Sonnie,88,94,781-248-3253
642,Cynthie,43,76,405-263-3310
643,Piper,31,18,453-817-0960
644,Rosalie,37,18,534-575-9244
645,Aridatha,75,74,393-885-6084
646,Dylan,16,10,362-188-2115
647,Andrei,53,13,890-416-5465
648,Rosabella,33,60,377-538-8015
649,Dean,26,93,835-485-7803
650,Olive,19,29,488-454-0693
651,Joshia,71,77,492-954-7447
652,Janifer,69,7,647-762-7215
653,Teddy,91,20,495-149-4617
654,Pebrook,78,36,297-923-5856
655,Janaye,41,21,409-673-5284
656,Loy,92,8,476-534-9841
657,Katharyn,74,47,139-649-3991
658,Miquela,93,36,442-652-9796
659,Reba,77,36,584-628-0113
660,Branden,9,35,360-351-4717
661,Dennis,53,9,795-946-7762
662,Gunilla,78,8,139-954-4054
663,Kitty,83,31,301-479-4185
664,Cassius,94,24,741-754-3263
665,Rachele,30,82,607-929-8214
666,Nissy,83,59,806-718-0144
667,Lyndsie,97,85,402-915-2478
668,Adel,74,22,740-227-3606
669,Clarice,27,1,108-149-3684
670,Blithe,32,17,885-887-4550
671,Marci,82,6,472-370-6067
672,Reynard,17,21,863-467-8982
673,Nolly,90,17,988-259-3539
674,Aldric,47,50,806-133-9765
675,Montgomery,37,32,349-498-2950
676,Filippa,56,58,282-232-5662
677,Domeniga,70,100,319-485-1811
678,Waverley,16,98,592-565-3725
679,Ki,36,47,485-636-3088
680,Georgina,51,4,702-762-7634
681,Al,99,17,942-945-8072
682,Barnaby,72,16,888-622-8768
683,Vicky,86,36,249-534-7444
684,Morgana,18,53,123-413-0113
685,Kincaid,92,5,775-494-8455
686,Judye,57,71,434-247-5908
687,Cherrita,26,3,367-174-8196
688,Clarissa,34,87,776-448-8344
689,Vince,95,98,373-843-0130
690,Wolfy,78,94,538-472-0305
691,Roi,29,60,495-122-5613
692,Vivyan,62,30,297-230-3657
693,Debora,93,75,424-449-8135
694,Abram,13,54,255-140-2373
695,Darya,95,37,333-776-9169
696,Magnum,54,90,351-398-0390
697,Harry,43,18,824-456-9773
698,Zared,43,94,989-658-6595
699,Alma,22,86,935-925-1285
700,Corny,56,29,466-524-1040
701,Neall,82,33,601-286-7700
702,Josselyn,80,36,697-663-6855
703,Wilhelmine,100,18,224-260-7689
704,Basilio,82,42,716-476-0309
705,Rufus,37,29,537-845-8973
706,Claudian,69,39,961-305-5293
707,Jerry,17,77,231-333-0093
708,Vaughan,19,39,759-858-5847
709,Jemie,84,2,962-665-3811
710,Gino,75,11,464-727-4284
711,Aubert,99,18,191-404-3684
712,Nichols,45,56,302-191-9546
713,Kittie,79,96,595-150-3306
714,Alyson,25,17,161-936-7893
715,Leodora,78,20,967-361-0703
716,Claiborn,8,25,331-549-1102
717,Rhoda,68,73,253-999-8005
718,Osborn,89,81,749-190-3554
719,Ase,98,38,214-548-4693
720,Lolly,96,9,704-779-6895
721,Pammi,80,14,593-479-0432
722,Iolande,85,10,642-486-7947
723,Rikki,91,97,974-306-2044
724,Joaquin,52,27,826-649-5845
725,Staci,24,39,225-630-9933
726,Belinda,82,2,147-638-3641
727,Ammamaria,81,36,686-690-6873
728,Nahum,41,35,356-984-3660
729,Isis,29,92,708-855-1778
730,Sibylle,48,64,259-968-3743
731,Leslie,99,14,515-576-7987
732,Diena,62,22,474-303-6715
733,Wilbur,39,6,376-551-1365
734,Gui,75,4,779-347-0196
735,Hillel,13,42,612-190-4804
736,Cristionna,5,42,497-596-6017
737,Lenora,14,58,214-507-2686
738,Antonie,45,47,756-642-1828
739,Nikola,76,23,117-149-0711
740,Beitris,74,95,636-184-5806
741,Olivier,4,19,417-716-1871
742,Kalvin,46,73,169-938-4685
743,Penn,57,81,813-281-2349
744,Brion,74,46,195-118-2987
745,Reeta,76,17,571-212-7813
746,Jenelle,13,32,369-862-4586
747,Alford,59,99,193-738-5702
748,Breanne,61,67,839-163-8563
749,Galvan,42,97,397-165-9394
750,Nat,10,51,139-374-5661
751,Renaud,71,46,289-630-0694
752,Laurene,17,98,157-123-3613
753,Renato,31,53,464-613-8840
754,Herminia,29,98,626-828-6713
755,Tedda,51,40,326-368-5113
756,Glyn,11,3,259-858-8080
757,Parsifal,2,44,411-945-2694
758,Jaymie,21,21,576-686-6304
759,Sid,88,46,148-604-3585
760,Cassy,19,60,392-914-9474
761,Harvey,29,66,622-912-8409
762,Mireielle,74,1,642-972-1427
763,Hasheem,60,61,855-759-0517
764,Jillian,68,16,156-741-7559
765,Darleen,5,82,304-974-5309
766,Belvia,54,83,312-436-4639
767,Arlie,57,84,365-403-3055
768,Marcelline,42,53,662-626-8926
769,Lena,25,68,111-227-9441
770,Georgeanne,62,43,903-291-0984
771,Valentino,33,14,355-305-0395
772,Roscoe,14,3,904-368-5618
773,Howard,58,82,583-841-4821
774,Tris,92,90,242-199-1233
775,Geoffrey,66,91,705-826-5903
776,Hillyer,91,59,780-455-4584
777,Jolynn,70,75,799-396-4352
778,Gussie,37,87,303-652-6141
779,Andee,22,7,186-546-0927
780,Lissa,100,36,394-320-8099
781,Arman,24,7,701-562-9089
782,Lois,96,66,235-967-2486
783,Leandra,76,72,589-417-9460
784,Adara,13,44,142-455-2642
785,Alexandros,28,97,389-100-9586
786,Sofia,100,41,162-436-4701
787,Tiffie,88,36,235-836-0597
788,Stearn,35,20,749-545-3709
789,Daisie,77,8,209-784-7301
790,Dehlia,91,13,373-291-7327
791,Cara,92,5,535-312-1869
792,Gare,14,29,253-150-1624
793,Estel,34,11,390-781-0384
794,Abbe,33,32,796-201-8297
795,Anet,35,8,717-150-6323
796,Nils,51,71,722-986-4140
797,Pauli,98,70,528-815-5893
798,Pammy,94,70,263-762-7628
799,Constancy,84,87,115-980-7890
800,Blair,54,10,597-370-3510
801,Kerstin,29,46,828-451-6725
802,Mathian,77,56,467-117-0163
803,Theresita,93,48,381-849-2006
804,Melisse,29,74,731-290-8145
805,Lisetta,77,17,134-196-7035
806,King,47,88,576-696-9425
807,Eirena,20,74,462-152-0185
808,Ianthe,10,76,369-897-9352
809,Thomasin,47,76,422-636-0267
810,Sargent,39,57,177-305-3019
811,Stu,9,77,356-255-3838
812,Ettore,68,47,642-180-5475
813,Dallas,10,76,352-639-8268
814,Lewes,5,100,607-894-9357
815,Lindsey,41,82,302-273-2647
816,Christye,80,61,345-541-1013
817,Guthrie,47,43,377-675-7370
818,Candice,9,34,383-486-4139
819,Rubina,55,56,865-553-8722
820,Shaylynn,92,83,741-872-8117
821,Annis,74,96,286-403-8394
822,Gilly,28,99,152-411-5339
823,Austin,76,38,276-841-8787
824,Bondie,49,51,933-233-9939
825,Clo,56,41,863-325-0814
826,Kevin,21,1,831-998-2762
827,Hamilton,24,61,392-133-8447
828,Kelby,39,59,143-739-6844
829,Nicko,1,23,893-413-6896
830,Blaire,9,46,785-486-7750
831,Veda,38,10,125-669-6275
832,Brockie,49,79,892-119-0416
833,Legra,34,90,630-263-9216
834,Malvin,92,16,496-372-1137
835,Margo,31,56,730-140-9466
836,Marleen,90,14,718-698-0843
837,Bernardina,19,36,584-978-9047
838,Davie,48,50,165-467-4769
839,Darrick,10,1,212-321-6301
840,Richardo,85,46,786-885-7601
841,Bee,91,66,893-133-8050
842,Celinka,92,96,904-700-1191
843,Budd,13,11,350-739-1269
844,Brianna,36,50,474-411-9498
845,Sim,23,88,286-170-2991
846,Ina,48,35,336-436-2810
847,Bianka,99,28,848-219-9993
848,Kennie,76,67,122-181-1441
849,Winnifred,87,86,538-473-6407
850,Dew,22,18,988-998-0129
851,Marcelo,14,31,742-714-5388
852,Bruce,29,40,581-226-4031
853,Saloma,92,14,184-158-3938
854,Darbee,2,82,356-836-4516
855,Katrina,81,37,332-302-1288
856,Bab,76,44,800-669-4214
857,Putnem,92,7,408-435-0671
858,Selma,62,50,715-303-9822
859,Alonso,19,24,867-905-6583
860,Mara,65,80,357-404-6602
861,Zabrina,39,88,868-258-1858
862,Kiri,49,57,998-335-5243
863,Bentley,19,77,951-675-4347
864,Lavena,100,67,863-373-1703
865,Angie,99,78,344-869-1522
866,Axel,55,57,654-517-0365
867,Kylie,94,72,354-658-7920
868,Coleen,33,11,758-591-8482
869,Guendolen,10,35,947-652-0185
870,Ailsun,77,50,937-156-8527
871,Lorette,64,3,906-752-0827
872,Angel,80,6,302-238-4409
873,Lucais,19,6,698-207-7696
874,Tandy,73,4,153-384-4968
875,Rica,78,80,458-570-8098
876,Perrine,15,23,224-863-4816
877,Ray,4,58,245-144-7270
878,Malinde,23,9,522-879-6549
879,Dawn,98,4,601-502-9334
880,Evelyn,75,77,692-631-1836
881,Richart,4,58,491-246-6759
882,Joelynn,3,2,828-121-1580
883,Elwin,32,71,656-532-0187
884,Jeremiah,36,55,195-701-5439
885,Jakie,94,43,121-231-8999
886,Linus,2,30,397-996-0449
887,Dyann,31,59,640-721-5543
888,Gaye,60,31,198-123-7120
889,Kore,55,50,941-519-2151
890,Samaria,51,74,127-319-8961
891,Norman,35,29,426-116-4827
892,Ferguson,18,82,822-560-5250
893,Mead,69,49,912-279-3534
894,Alyssa,23,35,534-286-6294
895,Ferrel,47,86,181-366-5579
896,Inez,8,93,116-212-1499
897,Brandy,92,89,950-174-9682
898,Raffarty,72,59,834-508-6497
899,Addy,48,3,173-444-9589
900,Mead,55,70,612-122-8199
901,Burnaby,81,14,691-534-5887
902,Reggie,36,73,826-505-6077
903,Stoddard,71,100,812-221-6274
904,Miran,19,50,125-408-1174
905,Hortense,93,49,718-816-4746
906,Arturo,34,9,712-131-5685
907,Gard,5,85,838-125-8236
908,Yardley,55,20,561-650-7253
909,Allys,61,22,983-305-3999
910,Tadeo,62,8,720-778-3213
911,Tatiana,16,9,663-491-3378
912,Lester,83,45,700-604-1582
913,Jeralee,48,68,585-792-8906
914,Maje,69,48,444-299-1357
915,Tanner,7,61,246-118-6685
916,Isidora,9,37,902-540-1073
917,Coraline,47,87,323-872-2954
918,Emmott,78,73,751-245-4109
919,Levey,44,35,656-466-2175
920,Chelsea,27,48,140-131-3665
921,Amye,49,96,231-307-8450
922,Berny,51,42,655-621-2394
923,Rivkah,93,12,851-447-1598
924,Berna,91,97,547-493-9770
925,Odelinda,35,25,612-632-9487
926,Burlie,81,51,218-395-5891
927,Grissel,35,57,689-170-4447
928,Danny,53,74,889-301-9092
929,Dell,61,27,487-643-6443
930,Linus,72,60,364-418-5921
931,Spike,94,70,815-636-2236
932,Grannie,2,5,390-911-0656
933,Archibold,4,98,875-272-5827
934,Rozamond,99,19,196-966-7143
935,Wood,90,46,315-230-7295
936,Estell,68,48,514-292-5879
937,Zea,25,96,864-648-6909
938,Farley,15,38,462-208-0786
939,Reuven,2,47,228-872-8438
940,Rhodia,76,20,507-821-3141
941,Glynn,61,76,655-499-0753
942,Nicolette,53,51,792-418-1886
943,Dannel,90,4,145-856-1266
944,Brandy,95,10,752-455-7947
945,Renado,14,95,143-748-1136
946,Jaynell,23,37,257-664-3179
947,Gorden,32,60,701-953-1073
948,Garrik,78,27,743-764-3238
949,Tedman,7,58,463-673-7259
950,Georgiana,74,50,200-260-9315
951,Marleah,19,23,538-992-8164
952,Kort,67,96,837-613-6249
953,Peggie,36,20,713-786-4856
954,Berkie,70,90,765-475-9657
955,Audi,40,3,179-505-9117
956,Clarence,49,10,153-612-1548
957,Klarika,59,18,995-530-4755
958,Adella,97,75,353-760-0820
959,Lavena,2,48,656-302-9992
960,Jillian,3,26,242-821-3302
961,Marlie,98,100,514-135-7763
962,Dede,99,95,914-426-8521
963,Welch,22,27,547-382-5206
964,Sonia,73,54,844-148-7554
965,Dorthea,43,25,700-937-4312
966,Spenser,37,17,681-930-9752
967,Dore,7,48,536-562-7063
968,Seana,52,11,330-923-0850
969,Kirsti,57,90,666-399-6574
970,Carlina,82,37,259-357-8827
971,Shawn,33,35,578-306-2758
972,Stefania,6,26,698-806-3749
973,Dag,82,45,334-807-0261
974,Jarrett,75,33,991-692-2328
975,Ronny,4,10,638-754-2941
976,Devlen,29,24,201-684-7045
977,Brittani,57,61,590-877-0138
978,Marjie,70,55,976-224-5871
979,Clarine,12,54,547-119-4400
980,Casey,74,86,206-945-7851
981,Edyth,54,18,970-253-2399
982,Neale,12,46,368-778-8529
983,Mary,85,90,541-986-3188
984,Freida,4,20,973-433-9320
985,Kayne,61,18,629-141-3831
986,Sheppard,5,1,713-408-6206
987,Hans,16,13,572-268-6853
988,Mikel,48,86,598-431-6222
989,Barbara-anne,81,98,510-117-6763
990,King,29,5,379-901-6672
991,Emmy,69,26,669-242-3614
992,Devon,19,81,805-263-0513
993,Cathee,50,59,911-263-7961
994,Gunner,21,21,419-256-4271
995,Nathaniel,98,90,208-462-2564
996,Gregor,61,42,718-694-3961
997,Gaynor,95,26,755-516-6154
998,Aurelie,43,7,300-583-2591
999,Ann,8,91,849-833-4250
1000,Ichabod,37,54,939-591-6621
