AccountNumber,Name,NumberOfEmployees,NumberofLocations__c,Phone,SLA__c,SLASerialNumber__c,Account_Number_External_ID__c
1,Giorgio,95,43,767-695-2388,Gold,111920516,978151df-ec7b-4e3b-8109-02a139ddb7f0
2,Germayne,38,26,569-827-8112,Gold,122105744,03441cbe-21aa-442b-9fdf-315f6a102159
3,Cathee,40,78,821-934-1695,Platinum,031300575,71f94f0d-0d28-49ad-bff5-28ee106f798f
4,Xavier,92,20,833-280-1399,Bronze,071922340,eb360d1d-cc9f-491f-baa1-1677f4cd165d
5,Ray,32,48,829-486-1183,Silver,086518765,3bf7b6a2-111e-42ff-b3c0-4d77dd6a2a29
6,Gallard,1,86,671-589-1682,Gold,101205681,d3eacd9a-7135-412a-a8a1-006029c0acaf
7,Mattias,24,32,242-157-8816,Platinum,101902298,bc042ccf-43ed-4845-a47b-e981ff2521ea
8,Malinda,6,5,156-747-9499,Silver,011100012,34184c18-36c9-4fb4-9f67-c3dae9adaed0
9,Boigie,19,100,136-168-9704,Bronze,323271493,0c6a7f82-26a0-4be3-a51a-b0e6587304a3
10,Bret,96,3,394-928-2789,Platinum,083902196,53c773bc-f732-4107-97de-beb4193391fe
11,Margy,88,62,710-606-5773,Gold,122105566,4d73323d-05f4-4d50-a858-c3bacb7a5765
12,Hedda,34,75,762-839-8408,Bronze,111915770,89506e03-6af3-4d18-9449-8f4b0d180fbd
13,Margette,23,61,705-849-9069,Gold,123305378,62c21161-5a68-4815-a2c8-8838f9a95308
14,Danya,8,51,525-351-1386,Silver,082901774,f1aeaaab-397d-4534-8633-6d195cb63f4d
15,Alma,84,3,845-855-5886,Bronze,102301050,a950285e-9ad0-4195-9d2b-65385643b991
16,Bale,43,90,811-412-6548,Gold,104910342,b154f7fb-15f1-4d4a-9721-a5ad634ebe62
17,Ninnette,35,63,441-186-2320,Bronze,064107729,dc8cd8cb-4020-40db-af36-2dd858f423f0
18,Gabi,79,54,800-210-7107,Silver,122101191,015618d3-a885-4e39-bca9-5ab182175203
19,Robin,77,21,564-508-0554,Platinum,063114894,c71e0594-e201-4b89-8947-9df8650f2270
20,Beckie,6,36,805-800-4259,Platinum,091311135,2780df20-1a0f-459d-af1c-d043691fa9d8
21,Keven,81,24,628-472-1421,Silver,071903136,21c188a8-30f8-45b7-a117-9d3173997090
22,Stanton,91,15,525-640-8806,Silver,057000668,9cb5f999-325d-4d18-b49c-71166e835538
23,Pru,60,13,328-475-1800,Bronze,102103562,7bf8df0b-7c18-4421-8993-0da522a2c46e
24,Michale,16,14,812-861-8787,Platinum,113024177,f4f0e882-cf81-4853-99df-aaa3ba6d8b82
25,Ingmar,41,71,182-845-4423,Gold,021213397,8cb108ce-b4ee-45cf-b21c-b14a898f23a6
26,Winslow,49,19,503-639-3245,Bronze,031305253,b64b1933-f10f-4aa8-a42f-d7b1c681dae3
27,Briant,37,68,278-406-7212,Silver,267083763,c132e419-c08c-4541-9b45-778ea479f98c
28,Araldo,8,14,755-606-2434,Bronze,313072819,6bb9232e-7450-4547-91d6-cd2ccfd09cad
29,Alfredo,72,34,301-938-6216,Bronze,101904911,b7987003-c8d9-4b82-8261-5d3adbf5f7d9
30,Conroy,56,45,835-271-6981,Bronze,026004828,45c57d75-1a13-41b3-aac4-4a93069ba999
31,Gayle,95,47,482-793-9400,Platinum,111308057,bd96b33e-d480-4ae1-98bd-947e86452a2c
32,Eddi,82,5,620-593-8756,Bronze,061019506,d331230e-1ba1-4dfb-94da-89b3d0cec126
33,Meggy,83,19,314-897-3881,Silver,072413719,b9eebed0-0c33-4f0c-a7af-032fb862ef78
34,Annissa,38,93,434-529-3745,Silver,065404418,c4fa82e0-1413-4efd-abcc-6d37607404b5
35,Darcy,96,3,534-564-9715,Bronze,082001881,2da33ae6-1f2b-4077-84b8-5e4523bda452
36,Atalanta,70,79,661-149-2905,Gold,071923284,e823ef9a-c591-4d7c-831f-59489a4bfbbb
37,Adriane,83,29,348-143-6198,Bronze,107006046,3fb3a8a1-5e2d-4cf4-9967-6e5a84630c75
38,Briano,41,56,481-940-0551,Silver,114916705,46eb0f7e-9d13-419b-8074-1f7db0a604cd
39,Archibold,35,80,400-679-7508,Platinum,091200592,7228d93a-3b1a-4497-b8be-2fa43d79ef5f
40,Christina,59,96,563-972-2531,Silver,061104314,2e283d37-fb78-470e-b937-2b10ff5e638e
41,Aloise,32,7,178-534-5703,Platinum,091213877,54a0c92b-c5fe-4005-b5c3-2a1751f6800d
42,Shandie,30,43,256-974-7490,Silver,107005047,ffe8ef1d-bad4-4b6d-8721-ed482c65e1ef
43,Amalle,99,81,653-298-5292,Bronze,114926009,9bedf7e0-908e-450f-a9a4-c371b7f6403c
44,Aldrich,34,54,672-137-4216,Silver,081519510,bea62c8c-2054-4fa3-98bc-09750f5fa68e
45,Clevey,59,8,578-804-2075,Bronze,071922298,bdf7f837-4342-4b18-900b-4a6b40fe5e46
46,Birgit,65,29,411-405-5057,Silver,113024177,e44ae63a-8666-4ecd-b27a-a4c4b3de042b
47,Kriste,78,61,223-760-1136,Gold,125108065,5eb35eaf-6512-4cb2-90a0-2c8424297203
48,Shae,87,45,426-657-5904,Gold,113015267,11f4712c-2d80-4c18-804e-7940b3cbd05c
49,Linus,77,30,478-134-9305,Silver,107001805,806afff1-101e-4209-b1d7-09e551153105
50,Kathe,75,84,330-254-1235,Silver,072411025,790db9ef-183e-4ea1-ad1a-3faf27bc91cb
51,Wallis,37,4,346-715-6989,Silver,211370493,5774732a-96fd-4a80-ab2d-985aa0f670a0
52,Dew,46,63,319-534-0809,Gold,084006729,5fb710de-c596-4a6e-9a65-b8b1c924dc41
53,Leann,41,76,501-571-7571,Bronze,226071020,dd5b5262-1cbf-4674-8334-882356e1b0b8
54,Josh,87,90,711-320-5194,Platinum,031202084,882eb2a4-c52b-4a61-97b0-6d2f7424eeca
55,Carolyn,72,61,447-998-6487,Gold,322070019,32540000-6d69-43b2-b3a8-c681021b8364
56,Malcolm,41,49,577-698-1421,Bronze,242071004,2057a485-67de-42d1-8d2a-55da119139e6
57,Helaina,69,60,732-626-7307,Bronze,064103914,3112bac7-5523-4910-a46e-242485ab3504
58,Hersch,39,5,381-607-6249,Bronze,011201490,a2cb8b6a-cddf-47df-a81a-6e445e622986
59,Albertina,45,93,946-186-7176,Platinum,114993906,ec55a37b-8e3d-4487-8b52-6accaeaa93dd
60,Ash,65,5,775-508-5497,Silver,011500010,7a49e17c-d347-4a20-8c9c-7b30b00f21f0
61,Cathy,32,21,219-733-5722,Gold,074900657,a33a3a74-a76e-4fd6-85e2-738d50d85d74
62,Artus,46,84,307-974-6514,Platinum,011401957,78561f52-74f4-4016-b7df-ff9b6d7d1b3d
63,Farrah,27,58,386-402-6888,Bronze,072409888,6896625d-d969-4faf-b51c-9b02859070ba
64,Randy,48,1,836-562-2552,Silver,114913164,572f831e-c3fb-4454-8f8a-7f130ff4bac9
65,Melina,11,32,462-534-0338,Gold,104104750,a3235ec4-1832-47be-a411-1584fddbd7cb
66,Emmeline,54,91,969-665-0984,Bronze,042103253,d03190c2-398b-48ab-9576-302bffe63d25
67,Abbey,57,35,109-385-2808,Gold,081505155,fa1e4971-9a19-421d-a8a2-e50928819c23
68,Brendin,85,92,301-786-1715,Bronze,112202123,c433af8e-6ce1-49e8-a5df-b330cbe148e5
69,Abra,47,72,385-998-2647,Bronze,254070019,668aff59-9387-4a55-a143-1c3ebc92e61a
70,Gus,11,60,695-515-5770,Silver,081518045,5d02bd94-cbdf-4e52-a06a-7a2888f066f5
71,Suzann,31,11,208-525-6718,Gold,072403473,78a69e33-e233-44f1-adb6-db1e7ecb6b7c
72,Cristen,61,28,781-489-4975,Silver,325182797,4918c420-cf35-4773-acb7-ce55653b65e1
73,Gherardo,19,69,428-111-5340,Gold,026009593,8bf806a5-c096-449a-9c30-afdd8be1ad2e
74,Nelle,8,26,713-187-1890,Gold,123206901,46b07fe3-aaff-4066-b2f0-004fd6d60b6c
75,Stanley,24,45,527-883-1467,Silver,211370493,31b86694-334f-4b8d-8211-531c09a44851
76,Arnold,83,73,232-177-3891,Bronze,051900366,1de7a85a-7840-4612-9edc-b8c319f239f7
77,Anya,4,21,416-916-9990,Platinum,067001275,580870a3-7e10-4dff-ba85-a350a46fa593
78,Evelyn,94,77,384-286-3742,Platinum,114921842,b3f4c735-4ca6-49d2-b773-fe920b522167
79,Raffarty,64,67,342-267-5508,Platinum,244172095,06ca7977-0909-41c3-a324-fc4ab271652c
80,Edee,89,95,293-331-8951,Silver,042101886,ed98b8f2-4b78-47fd-93de-abdfa307a08a
81,Micky,59,84,839-409-4304,Silver,075900986,da35b9cc-ba3e-44df-acb5-afb9ec9e6703
82,Karalee,89,2,645-157-9925,Silver,086519311,d13ca6a9-217f-4786-a7cf-27924211693a
83,Perceval,95,74,418-800-9482,Gold,321170538,1c793f1b-a04b-4bf8-87fc-2c1eeee0cca3
84,Lorene,29,20,804-730-7857,Silver,241282632,2c9d941f-c103-4078-b920-bac5b3f4ff40
85,Marve,86,81,416-497-0003,Gold,082901622,7d823278-e0e5-4953-bc18-b234ffecd720
86,Ezechiel,14,55,161-287-8014,Platinum,091409584,59ce08fc-5dc1-4cb3-808d-3f5a843b0e9c
87,Winni,89,30,404-639-3321,Bronze,042215248,27986ab5-0a7a-459c-b68a-6d136924665d
88,Dani,83,67,375-801-7510,Bronze,053112864,a90ab0cb-c8b7-4e03-9134-d4be81eec907
89,Shepherd,90,20,298-367-2135,Platinum,101200929,7e90bd04-d32f-427e-8ccb-51c95da60ddf
90,Ogden,63,44,225-330-0652,Silver,122238077,0b18338b-538a-4017-ab36-dd4f74188862
91,Remington,3,49,533-346-3639,Platinum,044072337,a345d8b7-997f-49b1-8641-04feec4344e6
92,Avril,85,68,281-450-1670,Platinum,254070132,64511976-96de-4528-8b29-9ee64674853a
93,Trude,30,60,550-909-6740,Silver,072401064,69040153-3f53-4988-8ee2-4a665aa9042f
94,Wilbert,3,46,402-624-8469,Bronze,054001550,f3b5d7dd-e9f6-477d-bcec-83439a67f535
95,Buffy,33,22,355-308-0823,Bronze,075911205,713fa84f-4861-4735-a03e-b4c194b52f25
96,Daniele,59,85,484-503-0304,Platinum,031302638,7bb3b285-f7ba-4177-89ee-faf7c46b24d7
97,Felike,67,70,585-847-1188,Bronze,091811253,2d197bfa-af98-4324-9b4b-41d165a10015
98,Jimmy,93,30,621-787-0415,Silver,051404529,4f014ce3-9137-4c44-ad6a-41a9e3c56ccc
99,Ethe,26,5,779-170-8574,Gold,065405381,fdfeb17d-3129-45cb-b14e-c56f818fb1b9
100,Maegan,44,33,877-700-0157,Silver,091407133,7a99a3b7-298f-4935-b48e-705bc4448343
101,Royal,37,47,990-765-1830,Bronze,121000044,0c4aaa25-ba7a-4dce-89a8-9e57a1828f16
102,Deane,73,23,887-802-7665,Gold,103101725,29e7c80c-387a-4740-99f4-2e6b88cc5d79
103,Cody,93,41,825-437-8101,Silver,114907387,6926fd71-53b4-47ea-ad89-7af0d0326d79
104,Welch,42,13,214-269-5866,Gold,104900721,dda30b8d-294a-4cb1-8027-496cf2bd7ed2
105,Fanya,8,70,860-511-3818,Gold,021206993,1d3c1f84-d033-4e7e-80e1-b21ba8d7ab57
106,Anette,21,86,166-574-8792,Silver,081517693,636db301-e8e4-4566-967b-1273a5923f13
107,Gale,92,30,329-977-8789,Gold,065405145,e1132657-4bfb-47b5-87f5-7987d95c3253
108,Gina,42,48,798-762-2536,Silver,091408446,753bfa25-5aab-4257-a332-65f4207d5cfd
109,Carita,58,84,270-410-0877,Silver,054001220,83a25e67-3781-44ea-946d-267feb78e1c7
110,Vassily,56,77,973-614-5101,Platinum,092901476,dfc8983b-32bd-4ca9-bf85-e582dc8941af
111,Ellyn,86,99,996-713-6583,Platinum,081509070,f4ead1d8-538e-4748-b2a1-7feb5455cb6c
112,Ricoriki,75,13,579-876-5050,Silver,271989222,86023b88-085d-4b81-be2c-b5ff1e1a3d3e
113,Daron,88,14,696-157-7870,Gold,042174509,845ab4b0-e3be-489b-a592-ff2e1ede80dd
114,Lonni,30,26,320-469-9112,Bronze,111907694,f23e03d6-9df2-4ac0-8be9-d9a6ddba5169
115,Merell,93,39,646-377-8309,Gold,075000022,7989ad95-d658-47c8-9988-60cf515353b2
116,Caryn,83,73,196-575-8608,Silver,031316271,42ab02e5-7d04-49c0-b7de-ff71e495aa55
117,Brion,97,96,453-624-1661,Bronze,111907555,fa38ab96-dbfd-4910-b7f4-c41abb62b69c
118,Danie,55,59,938-828-3232,Gold,211372352,b74f2834-3b72-4c7a-893c-f2cb73fb13b0
119,Florian,33,54,631-238-4297,Bronze,071913731,071e5d8b-b924-4741-8524-ffa2e679aecf
120,Aldwin,25,77,235-896-7330,Gold,031100173,67ab74b8-72b9-49d2-bd36-db73806f5298
121,Harald,37,89,864-792-1041,Silver,071002095,ae9bee27-1915-4f75-9109-8401be847b6b
122,Jessica,73,81,396-655-4885,Silver,121142287,48188064-0c49-4ad8-a3fd-bf3981d53f3a
123,Dannel,79,15,632-924-3437,Gold,067001699,8f54cea6-2130-4617-b26c-211913f6c46a
124,Saul,93,52,938-767-2827,Bronze,101200929,36d44861-9372-4218-ba9b-4f1473437094
125,Emilie,94,84,878-889-2119,Platinum,121000044,006f6226-9843-4ec8-b317-f0e089c3872c
126,Marylin,12,18,813-210-3198,Platinum,125108764,a1771669-4726-4de2-b31b-2d772406d450
127,Tessi,68,17,332-210-1227,Bronze,274970830,5d9a8744-a6fc-439d-b46a-229192bb0e03
128,Martino,93,48,765-194-2572,Silver,071925156,74517259-e0c0-40c6-92e2-7f2fa6d6e6c9
129,Fairlie,68,78,389-358-5599,Gold,112201218,95c3a0bd-0099-492a-bab6-f654616bbb2a
130,Karly,51,19,217-328-1796,Gold,031302272,63e0ea5e-7dc4-49b9-917e-f06fa12a1595
131,Elle,89,29,960-616-0105,Platinum,067012099,d35788fa-c6cd-4c12-90ab-8021b4420f41
132,Elisabetta,39,48,552-449-3771,Silver,084205766,ba272ff5-4d7f-444d-9930-f5bd133b1cd1
133,Jeremiah,35,61,423-189-3324,Gold,113012503,c2ba5485-ad64-4e8f-9413-88a34ad7a7c2
134,Conrado,51,41,828-321-1114,Silver,081307227,5fcb2614-2761-4426-84b0-448be7cd428c
135,Laurence,80,58,485-775-1441,Silver,111306059,08e006eb-c13c-40ad-98f4-8200494d985b
136,Elwin,39,79,167-496-0465,Silver,071903136,1834b3ff-3503-4199-bb76-2c972fb1b376
137,Cornie,90,66,154-446-5255,Gold,122106154,5e06f28c-8fcf-4ed3-85e8-c065755a7ef3
138,Had,94,3,793-422-3793,Platinum,063113015,4ff64a74-114f-4c71-9d3b-0ab7d3e1e5df
139,Harlen,60,10,645-273-0034,Silver,113104880,c9cdf1e8-6dd0-4ca9-8c13-147a58a01146
140,Rhianna,99,96,880-856-9792,Silver,065303467,c3c21bd0-148a-4bb4-b6f3-52d669b59f7e
141,Dalis,73,37,549-923-5275,Platinum,121141864,35dc2faa-79cc-41f2-8531-cb9bbc0e99d3
142,Ophelie,55,61,956-425-7649,Platinum,125107778,ffddd514-8d3c-4b66-80ce-dcb2ea3416d4
143,Ali,94,50,392-261-2747,Platinum,104900048,6e3e253d-b0bb-4e15-bbb9-db2ec0f1ee50
144,Eveleen,55,70,187-782-4678,Silver,092005518,d5b87f73-f803-4cd1-81ec-5ad11f851fb1
145,Ted,98,52,827-818-0229,Bronze,062202134,736f1973-8e32-4417-b1d0-ddd01b0e25de
146,Wit,71,95,602-586-8707,Gold,122242937,f5ca5ca9-d930-4ccf-a92f-05dc3c2d687b
147,Feodora,19,4,626-957-0033,Bronze,104900048,78f11172-261d-4f55-b298-2d34fd33aa94
148,Mattie,82,82,146-209-9199,Bronze,104106509,f3705aa0-9367-436a-aeaf-2bd3eb8b25ad
149,Tabb,37,44,351-812-2718,Bronze,075901480,df33b3ad-3c52-441a-8ce7-55854f18df72
150,Kimmie,90,19,916-220-9085,Bronze,071002095,e58a28f0-1859-4514-a261-3e9cb6d53b30
151,Nicolais,1,93,736-349-9606,Silver,071900883,cccc413d-f058-4ecd-8dbc-8cbc94680931
152,Gerrard,60,46,739-233-0048,Bronze,111907102,6964a343-35b7-4a3d-a756-7c8aa179b8d9
153,Mindy,50,60,389-569-8097,Gold,063014499,ee412509-8926-43de-84c0-6e4f9756f662
154,Egor,44,12,655-992-0704,Gold,063014499,06edbdcd-68da-477b-9ad5-50179dfca902
155,Curtis,42,24,618-809-7763,Silver,244172082,330bac5a-48f3-4039-b523-ec557c17ff60
156,Shelagh,58,13,652-994-4323,Gold,091804147,fdd004a3-ff28-46ac-922c-3b7a23e0ab71
157,Inness,100,66,921-679-6748,Platinum,211274450,aa83d821-af4f-4997-b9fb-2fee03245199
158,Kylie,48,87,923-507-8780,Bronze,101107226,bea86a25-1d0d-41eb-90e3-8b5b66d62142
159,Sigismond,12,72,840-742-8643,Platinum,065202607,aecb641d-5687-4904-938f-fdb5630873b1
160,Minnnie,37,48,109-335-8193,Gold,101206389,1e614bfd-b551-46e0-8506-fb3e0b8d11e9
161,Melonie,37,73,279-277-6453,Bronze,271172987,2abd1245-2246-4fc0-94e6-3eaa5a5e3e29
162,Jeniece,3,38,600-857-8115,Gold,072407987,8610d42c-c289-40ab-9714-75e9c4d901eb
163,Omero,47,1,629-795-9529,Silver,211672531,bae47e67-e0ca-4875-8b8e-e1af44b7e971
164,Stephani,97,100,457-530-7404,Platinum,254070116,6be21711-78bc-4a45-9222-694f15f24ec4
165,Garfield,55,40,315-453-6435,Gold,021205871,a7e81c9e-49c8-40a4-913a-5b73e48ad0a3
166,Peggi,14,31,778-787-0302,Gold,021308817,03d170c0-d274-4dcc-ab58-c9e19a87103c
167,Nicoli,87,5,874-824-0312,Platinum,113104521,a54d6ab5-a4d2-4e80-8f40-68c97f174698
168,Ashia,34,75,186-281-9111,Gold,104900886,19c42f2d-eb7a-4c91-bb13-5b13c3dd102d
169,Hubey,20,38,973-687-6889,Bronze,081501175,15bd16a6-b848-4180-85bc-4a1a9c7af636
170,Emeline,61,27,405-453-4874,Bronze,021100329,0ea9b870-ca44-48cf-bd9f-9236c86ad534
171,Gerry,9,71,622-404-4925,Silver,102100992,798dc777-8ee4-47f3-bcdf-a8b2ac4059b5
172,Marcia,52,99,704-853-5444,Silver,072413751,54e2b7b5-ffba-4f06-a114-b3405b04ca85
173,Louisa,95,81,126-585-4314,Platinum,071000505,654ec6f5-e4bd-471c-a282-7fdb6dd84150
174,Sybila,52,76,977-539-4209,Platinum,111924305,3e7e54ec-2979-49d2-9d58-779877e289bc
175,Jesselyn,93,86,750-687-1887,Gold,071906573,a38a79ac-aef2-4cc8-88c6-4914e9f3c193
176,Roxine,88,2,721-590-7315,Gold,101902117,8bfae34a-5841-4896-9ad9-1558dfc7abb1
177,Rogerio,87,97,622-605-4333,Bronze,111905340,cd0a3bb8-6953-4596-96f8-76e62b621823
178,Giulio,36,73,639-772-0449,Bronze,123084958,8b7e0dc2-d156-4358-b3c9-fb6f80e749a4
179,Hendrick,6,66,843-299-4854,Silver,071900595,6f10f88e-d82c-4381-b637-38172ed0a75b
180,Haywood,47,31,825-547-4989,Bronze,275970826,b8d42903-9aa4-4d0d-9c42-2510ed50e383
181,Malvin,48,80,876-726-5510,Bronze,322285668,e22c120c-f38d-4810-b8e5-0e5163dcf594
182,Shalne,38,24,119-488-5078,Silver,101106913,a4aa1407-03d1-4cd5-a63f-c338c07c62d3
183,Florette,27,85,369-182-8498,Platinum,264279279,4fc963cd-ce39-4908-84ef-70e1c8b82a06
184,Florinda,41,38,864-694-7164,Platinum,011100915,079cd374-c4e2-4409-bec2-d8d9dcc7526b
185,Ferdinanda,43,73,143-342-2750,Bronze,091301899,78f2b461-171a-4e3e-89c3-59cd9e0bd101
186,Aubrie,62,13,708-406-7505,Bronze,092901654,a93a4809-7946-4b02-9207-a0e9bfb03551
187,Alvy,78,7,477-130-3555,Bronze,221270101,9338ac9f-1fe1-4f1c-afc0-aa2490483c66
188,Ailene,46,8,870-698-5217,Silver,101902052,1c8125a8-4b39-4fe3-a1dc-739beaed07aa
189,Emmey,35,97,552-467-8650,Silver,101114303,ceff8089-943a-44f4-8949-424b9578649e
190,Ferrell,20,54,483-487-4677,Silver,101206389,f0468502-1e3a-4582-ba5f-8ebba54ca210
191,Stacie,77,93,347-618-9139,Gold,113110780,5db7f18c-899f-40e1-9aa7-fa87638f3938
192,Ingmar,65,99,477-395-3336,Silver,063101399,77656165-b3a0-4a0b-bee7-759f1ed94313
193,Peggy,67,77,828-717-4812,Gold,051405528,61969a94-865f-4b0f-b2c2-e90cf451e096
194,Nigel,17,49,876-526-6598,Gold,082901020,6b723983-8467-48c7-ae98-5c481d9b85a6
195,Mariele,14,30,446-145-3040,Bronze,101102331,e90c7745-5eb6-4034-83d9-4c146b04ddcb
196,Rosemarie,75,82,367-255-7516,Gold,056005075,18bee55c-0187-4410-94ff-58dc98e1f704
197,Rice,86,96,266-455-4167,Bronze,111322457,1c5d47fb-b07e-484e-a9a0-91bb787ffdb3
198,Evvy,100,26,454-969-9908,Bronze,084201003,d6708ebb-bb40-42b4-9bee-f2d99dc147bd
199,Paten,99,85,338-645-8935,Bronze,221272361,a59adec4-91c4-4ec8-93ad-239677eab1fe
200,Poul,5,39,233-943-6446,Bronze,101113799,a0793c89-240c-4be9-b3a2-4f4243667d88
201,Reagen,14,35,736-259-0204,Platinum,061204654,07f9364c-6f33-4b6e-8709-0cc3eea494b1
202,Jacki,98,38,402-400-1966,Bronze,061102701,6e53250d-b155-4ad8-ae9c-cee35308308e
203,Caldwell,45,51,905-648-0827,Platinum,041202511,766e1f79-a16f-469a-a64b-6cfb0356ec27
204,Alfi,27,100,313-494-3487,Platinum,101101989,6bc82c71-bd65-42a1-a0e4-61e18aedd987
205,Ardys,84,80,156-365-5262,Bronze,041200775,c94268e7-4aa5-4408-b3d4-0460224c23c8
206,Aile,72,3,669-553-0155,Silver,061000010,0455daaa-7db5-4622-9a38-a9705aaea9e8
207,Darcy,44,26,184-108-7350,Gold,101104342,1c928111-c62d-4b34-b3f8-f85f5e0571ba
208,Abraham,19,60,562-352-5515,Platinum,124002735,fa0278fd-e99d-4fff-9871-53bd2aece270
209,Kenton,52,55,532-968-1202,Gold,026005050,b195ed3a-177e-4a1b-a933-ef85cf2cff79
210,Cortie,20,61,762-224-6324,Platinum,113105070,b6fd88e2-7b90-413f-8869-3da845c0a5b8
211,Malvina,42,32,323-126-1863,Gold,031207966,86aea6ab-019e-492b-9c05-eb37b46855f6
212,Nessy,98,55,265-646-6797,Bronze,081501065,9239f4f1-cd6f-4faf-b761-8cb12ab9f0f9
213,Hillier,15,5,204-488-6472,Bronze,102100138,c6891a85-35ad-4fc3-8f07-2ab8753b9bfd
214,Evy,64,42,521-586-9907,Silver,031176110,5b20b7ec-81c2-438d-8437-07d0b427ca8c
215,Cassandry,46,73,407-871-5863,Platinum,091901011,7dd530f1-39cd-4d1a-a36c-e05d67ddd750
216,Dede,34,10,975-727-2337,Platinum,111909265,c1f6cd64-8af6-4508-afad-df6a4a365f2d
217,Nell,50,10,385-274-4144,Bronze,062203269,5630b8cb-4cd1-4636-a7cf-8337d96218da
218,Lian,46,87,379-357-3815,Silver,101206279,dfe1d449-9bbb-4ed1-9a72-fcb7be91ed1d
219,Amity,24,86,627-763-5980,Gold,271979193,8e3ccdd6-a700-481a-8fcb-298386b0a748
220,Gwenni,7,59,137-367-9594,Bronze,113110984,0c15f383-bfd5-47cd-bd82-14d10591ae49
221,Danell,92,26,879-427-9090,Gold,084104621,45485c78-1ad9-4b53-a734-63163088c578
222,Kellen,67,30,719-620-6153,Platinum,103101505,538b3050-afbe-4beb-9625-5aa752bb192f
223,Renaud,83,37,419-615-5844,Bronze,113120291,e1feee7b-14e8-40c6-b08a-9d98801336a1
224,Desirae,64,14,324-677-3579,Silver,104906000,28667536-08ec-4f17-93d3-4c355102ece6
225,Velvet,82,44,383-626-7195,Silver,071901882,75d00d80-ce9b-4e99-a35b-175bcfd522c1
226,Vic,85,22,923-545-3921,Gold,071921532,7692a3b7-f11e-451c-aee2-fcc3cd02437f
227,Granville,99,42,238-248-0301,Bronze,053112576,928cc7cf-716b-4751-af24-7e27933ad87b
228,Thoma,48,16,156-144-9669,Silver,252070435,a9c91f48-0a98-4a1e-a798-42f839203a59
229,Merralee,36,40,190-341-2362,Bronze,107006305,127f552e-fcca-4063-b903-3f893a7d00da
230,Lethia,29,91,285-494-8642,Gold,062201083,c3e839a7-f0c3-4c12-85ff-cd2e27a22af9
231,Pen,24,15,757-393-8900,Platinum,091405258,146e1ed2-97c9-4cee-a860-95ad65c3e921
232,Barron,6,28,586-506-0992,Silver,103105530,f146f984-654b-4d9d-84b9-63e8293e5839
233,Rodge,46,66,401-465-1917,Gold,091915612,17e2d5e5-4546-4993-94c8-e2f0c93659fe
234,Stepha,17,68,570-175-1673,Bronze,221270758,96743e10-8238-41e0-b64a-68a5a75e22fb
235,Amanda,6,67,451-310-9788,Gold,221270347,dfca4527-dbd7-4217-af80-9d45c636775d
236,Ginevra,29,58,612-123-3248,Gold,065300211,87fb43f0-37c4-4365-862b-7ab264ced2c7
237,Maribel,43,85,150-868-8531,Silver,103100467,49152427-a002-477b-96c1-4ed7f27c7e36
238,Mercie,64,44,619-186-9526,Bronze,321170282,7092dadc-f050-42b2-9518-d1011f4977de
239,Windham,55,42,609-346-8944,Silver,061103218,23ab225d-fc90-4dd0-9964-d41c4f186593
240,Forester,34,99,921-317-5762,Gold,064201120,3b852e9f-510f-45b7-8ea0-72600c1a2aae
241,Wilone,33,47,976-846-5637,Gold,084201223,e4486be2-c823-4c69-9137-ff7c858a2ec7
242,Kameko,8,30,352-798-6360,Silver,082901062,860bbe45-78a7-4424-8403-5313a7e8b203
243,Gay,9,42,287-463-4349,Gold,062204789,3198a048-4b32-475d-899d-0f86ad3a8815
244,Kimbra,16,64,420-613-3662,Gold,111913798,e5742714-bb5f-41f7-a746-5ed903edc2a1
245,Chloe,8,45,753-917-4229,Platinum,124103786,9de1c5b4-eed6-4ba0-9d1e-f71f10683f82
246,Edi,94,58,156-194-9273,Bronze,274970830,cc8cc142-9436-49aa-8ef8-8bd135ef696a
247,Edgard,25,41,937-688-4048,Bronze,071105507,859df9b6-5312-478e-8f12-7a8406f2670c
248,Floris,29,31,593-620-9867,Gold,251472542,a77d608c-dbcb-4730-9a68-6db2f0b3819d
249,Amie,69,81,674-154-7654,Silver,044072337,3c20767f-d4cb-41f1-95ce-471f9eb6d071
250,Theodor,70,20,472-876-7355,Gold,104913912,4ab04625-609e-46e5-b19a-1abed1b27a74
251,Lu,2,7,529-414-4798,Bronze,054001709,865a09f3-c6f8-488b-ae3a-6d0ab406a4c7
252,Deck,38,63,627-120-0978,Platinum,226078049,f94e18ce-7784-4aae-ad90-8a6bab5b6ad7
253,Dennet,52,3,267-219-8273,Gold,231271226,dbce6e7b-2058-454a-ba7f-1ee43eeff789
254,Alfonso,61,92,992-282-7546,Silver,081519510,006d2cc8-53c9-4d9f-b8ff-16180d59b29f
255,Stacy,21,33,779-313-1141,Bronze,053208176,bfe7b411-daa4-4a5c-947c-5ea56122749f
256,Earl,90,54,831-365-7231,Bronze,271974295,4bb90a34-c5a6-4058-8af4-1796573e333a
257,Jermain,97,88,446-581-3892,Silver,111906349,1e8ff1f7-e960-4a6a-bb3f-8d259acffe3d
258,Chen,93,98,114-553-9625,Gold,102101700,cb5968b1-e818-4181-8583-4f9b73fa7650
259,Alyosha,77,22,161-603-5142,Gold,055001054,c769ee64-acb9-4056-8ed0-73d66ee39699
260,Rori,52,15,290-845-7728,Bronze,271974059,39a9924d-3b0d-40b6-85b1-b21aee24a526
261,Loreen,95,12,493-328-1447,Gold,314973593,b83f253b-28e6-4ac6-a0af-17937f9abaae
262,Bord,42,49,596-526-3079,Platinum,091301750,f7d9b787-3a89-4aa3-b012-2bf596b52f05
263,Terrance,84,56,264-849-5743,Platinum,114994109,dbd4de63-b3d8-4476-b6b5-f38edd4bd370
264,Oralie,15,24,342-593-5983,Bronze,031313261,b7a8011d-542d-441c-ab78-345546223652
265,Elyssa,88,6,500-315-1350,Bronze,113101773,ae4b3c3b-4bf5-4c2c-96c3-0394118e1ca7
266,Ogdan,71,42,791-359-9163,Gold,111904451,dd1a4348-3196-48b0-8840-95680b068736
267,Alexis,90,23,429-639-5661,Silver,063114548,5f1bcfd5-ad14-4559-b466-73367addcb87
268,Hersh,95,22,563-314-3485,Bronze,121141822,9cefde8b-d2d2-49f7-ad13-c691f2db35da
269,Jane,44,93,377-314-4344,Gold,125107998,158d337b-948f-472d-a70a-36651b6559f3
270,Garrot,54,50,794-982-8989,Gold,071005979,76a089af-f739-4f1b-95da-5154dba85e25
271,Arman,31,4,261-894-9405,Silver,031207607,8665e497-b648-4437-ada8-3f9aa685d2ce
272,Andre,55,28,732-265-8413,Silver,053112673,df5e941e-5c85-48e2-8f50-5169c4708121
273,Ebenezer,70,59,602-116-1902,Bronze,111103524,8e245c88-2552-457f-bc72-13bc53c98c80
274,Adriane,46,89,520-162-0053,Bronze,052100929,3bd0ec04-7dec-44de-9509-d30bfb118c5a
275,Elinore,94,58,671-505-6372,Bronze,121143118,c2c6b115-662b-4608-9241-adb6859968f2
276,Ellissa,53,82,332-765-2206,Silver,063013597,ee1e8eb1-ce01-4099-ab5f-c5c2bec39b3a
277,Trudey,99,9,289-835-8796,Silver,211274450,4aced200-f203-47af-988a-dddcc86f1f55
278,Tory,74,22,199-336-9126,Silver,073918569,933f24b9-260b-4004-8976-c0d8c60f4e9d
279,Cary,75,61,346-197-1149,Silver,211174233,3987dfb4-6605-4ac3-86d2-b9578de3954b
280,Lewes,59,96,560-980-8762,Silver,303188111,4fa6e8e3-6a3b-49e0-8d11-dd4b23b68828
281,Correy,27,15,577-813-4650,Gold,031100173,3d8c99b2-c120-40c9-bc6d-e2b7927ff794
282,Floria,28,46,140-752-0630,Gold,011110646,c686445e-3bc6-480b-b6e4-d0f7199e7fc3
283,Anatola,21,55,579-103-9038,Silver,065400894,d2941782-49c1-455d-b8d1-268c3cd326cf
284,Margeaux,68,12,570-828-6241,Gold,075903792,25d0f369-b8d5-4bad-ade3-4548a207fe32
285,Debi,66,97,227-588-8170,Silver,121181866,59336f23-8901-4c0e-a43d-ac4ad0a61314
286,Ros,71,51,962-403-5646,Gold,231371663,ef17bb37-1f80-43b2-a9e6-e6d13111e8ff
287,Angelo,8,70,412-501-8514,Gold,021410080,95c07ece-f82c-4435-9d5e-75e0749b62cf
288,Lauralee,98,33,784-448-2312,Silver,265070532,124b1f24-ab91-429e-9c12-0ab75060bf4e
289,Yvonne,14,48,944-987-5464,Silver,066004367,8e769b9e-d197-439b-8cbf-84c1e35e406d
290,Ebonee,29,64,171-386-9526,Silver,053200446,7a02178f-1221-4ce4-8ff1-ecf4ed11afe0
291,Michael,91,73,326-842-6396,Platinum,061121054,79c555a3-f8ac-466d-9b53-43a37144614e
292,Janifer,74,19,298-791-4364,Gold,051008996,307b42a3-ffe8-4e94-981f-a273e03e132b
293,Hermon,65,35,123-909-9442,Gold,107001672,712ade60-0aff-46b8-aa8d-d510b0965549
294,Zulema,36,40,433-712-5719,Bronze,111304404,3b2d25cd-a98c-4f66-8745-e0cc943afa3d
295,Madelena,38,76,716-619-5742,Bronze,065405145,2b84f744-ad10-4478-8ad1-d928a4c68655
296,Gino,94,62,905-637-9174,Platinum,061119817,4e36bac0-c116-4d69-a6af-b75c9282fbe2
297,Cristy,89,62,288-108-7936,Silver,113193532,fe55bf20-4485-41d0-9555-bbf9ebf03c9b
298,Teriann,2,54,546-194-1512,Gold,011201458,152e4561-708a-450c-b49c-63e32b02e3fc
299,Gill,74,35,716-823-1577,Gold,084302698,16e77983-234b-430a-9a87-f9ad9b4901b4
300,Edi,37,20,631-700-1812,Bronze,063113523,635c92c2-55c3-4110-8c77-9eb5c2a37796
301,Sheffy,100,43,532-871-2422,Silver,321379494,8768f07a-5c57-4bfa-a896-0c9cb0474701
302,Hiram,60,56,892-765-1090,Gold,055003201,44d3cdfd-1a9a-48fb-8593-546423ab857e
303,Marchelle,23,4,199-781-8825,Gold,055002286,a19dd3d6-eda0-402a-a2be-6e1811a348ff
304,Norry,32,99,712-994-0160,Bronze,092901175,d98fb0e1-10a5-4aa2-9a30-b08b64aa2cd8
305,Dyan,33,51,210-732-3177,Bronze,281073568,b414af3a-38c0-4810-8fe4-33798a2588a8
306,Jessamine,33,22,322-704-9638,Gold,111304051,a4f36a1e-b873-4cee-adcd-9f5d340ea07b
307,Antoinette,53,50,898-890-8654,Bronze,107007469,662c8dc7-271d-4aa4-97e2-35db065cf6ab
308,Iggie,12,52,270-735-9262,Gold,043401190,3f6b275c-fe57-441d-b7c4-37bac5fdece5
309,Jacquenette,39,32,533-599-5345,Silver,322270262,c76ae8c9-cad1-4407-b774-d429a137a9dd
310,Masha,78,16,724-947-5799,Gold,265371053,9618837b-0c70-4e40-86de-7d0f8bedf00f
311,Happy,67,99,699-933-3186,Bronze,113117440,8eb1cd3b-c3d7-4990-935f-975abd7fb6fb
312,Jacqueline,70,57,302-852-4021,Gold,111101995,d3543825-3507-4d98-a1d9-8bddcc6cc19e
313,Peta,35,24,384-626-6244,Silver,053112806,e2335ec7-b342-4f49-b400-38145cebb936
314,Gilemette,45,20,879-636-0698,Gold,011200365,f193ff02-0679-4e3a-bc9b-a43ea061c375
315,Johanna,26,20,434-323-7210,Silver,103110428,75f0b8fb-d402-478b-9e60-f8b93a485c9a
316,Derrick,70,71,623-980-5129,Bronze,091913216,7d403244-3add-4a88-8905-7277922194f6
317,Reiko,42,41,217-738-2514,Bronze,241282632,4f7d88a2-309d-4326-949c-b1da70049e26
318,Daron,47,53,506-756-4077,Platinum,122287183,8b7b6496-8f97-4a8d-a8e9-ac2ffe15a238
319,Christan,86,18,325-712-5512,Silver,081000045,60f9600f-75c1-41c4-9f50-9084f73f71d2
320,Ermentrude,90,65,807-846-8916,Gold,051403915,e677c68e-44b3-4ffa-a76a-8904093b9e4e
321,Wilfrid,39,6,774-149-8276,Bronze,113117767,bb046451-1b95-4389-a0ec-94d7260012f0
322,Michell,14,8,118-699-4579,Silver,053112275,af8065cc-2018-4f74-a57c-92e818aa5218
323,Duffy,48,96,844-342-6682,Gold,071923543,f4759924-ec8d-49ea-8905-cd902bffbbec
324,Desiri,47,69,813-292-9918,Gold,125008547,68db5ae2-3837-4540-8716-23e921e3047f
325,Cassaundra,15,41,167-463-2903,Gold,081205109,e6e87814-9123-41e0-8f1f-13fdd502da0b
326,Astrid,45,78,646-159-4721,Gold,028000082,8d79b9c0-9b8b-4b5b-a116-3ef08c07f3ce
327,Ferrel,30,74,295-312-0274,Platinum,091807254,e1256170-15e9-4cb7-81a8-1e636f3a7172
328,Peria,5,86,786-907-6181,Silver,111308277,35de989c-c9b7-4feb-9811-1eaa5bebad2b
329,Sansone,21,45,212-225-1628,Bronze,074902082,5b145d3c-a548-49ef-bd15-10eb9e52757a
330,Larina,90,72,600-297-2372,Platinum,031918938,1fea36fa-1d79-4b80-a7ca-71b0946c04a3
331,Lamar,33,66,240-987-4202,Bronze,083902154,bf0bfd31-6721-4b89-aa9f-fe64b869b115
332,Quent,49,82,916-789-9967,Gold,075072157,0d25d3c7-d072-41bb-8d83-5309d2a4a786
333,Alayne,30,31,293-165-7761,Platinum,056004445,4bc0cbbd-f24e-42b3-932c-ad2c1570edde
334,Gwenora,77,84,507-564-5434,Silver,101107080,71f97e3e-9ef2-4222-91ff-bc2bc0f51ccf
335,Joletta,48,19,394-497-5376,Bronze,084201139,557b5e56-287e-4bb8-ae9e-3c0f06968113
336,Arabela,23,15,312-581-6341,Silver,021100329,0e748da7-bf6a-4229-a01c-c1c0c1982195
337,Pearle,75,36,830-196-7205,Silver,101106939,d56ab8df-07a2-4ed6-a98b-ce8617845865
338,Demetri,68,47,571-854-1812,Bronze,063016154,882bb227-1b5c-454b-919c-9fbfd4dbd304
339,Christophe,8,12,212-386-5633,Gold,084205643,90558507-f7f6-4c59-8094-7cd61e96aaa3
340,Bessy,57,12,187-766-7245,Bronze,263170175,4a9bff8d-f2e7-4630-b0fc-dc217a0a050d
341,Jaquenetta,88,50,557-609-1827,Silver,121137506,88a06e1f-14e0-499c-b6ca-8871f51c24b3
342,Abe,99,29,119-288-9072,Platinum,061192630,eaeec0fd-dece-476f-8fd6-6ac4eabca5d2
343,Dana,42,96,389-582-7424,Gold,122240340,eb812619-f710-43b1-9960-2b8a2994c2e2
344,Thorin,27,67,544-906-4434,Gold,111901564,4161e559-b6f8-43b3-bd70-d809f2049169
345,Elset,62,50,965-707-3739,Platinum,053112055,efd7d91e-5166-4833-8853-9033c046f4d8
346,Forrester,78,47,769-996-1763,Bronze,061300367,29346077-5f00-4b2b-b972-5985780dc2c3
347,Sheryl,70,73,865-433-4645,Silver,081507072,505ea98f-3239-4f6c-b19d-a49d730be82b
348,Salli,41,54,904-370-1880,Bronze,031902766,f2398591-f18a-4f58-a541-72ce82a84d67
349,Rance,54,24,256-944-3748,Bronze,075000103,7f1c6e56-2359-49ca-b741-836ac23c86e3
350,Inga,79,42,919-498-6978,Platinum,061203338,b30c2386-253e-46e8-b8ff-b344902e4d17
351,Lilly,37,19,180-445-7930,Silver,113102329,e7d997bb-50d1-406d-b787-ae7a8943bb4b
352,Ibrahim,80,80,146-599-6687,Gold,052204346,8ec2f4f1-30c0-49fd-9d4d-4b5d8afccb7c
353,Benjamen,56,23,671-983-6320,Bronze,021307559,7d634480-e22e-4f7f-be5e-7b4a330d322a
354,Maury,59,70,161-126-3070,Platinum,122242704,7da3db76-8aab-470a-89ac-a24cada2640c
355,Eudora,63,9,825-793-0580,Bronze,102006067,c94a597e-8a3b-4e13-86bb-36a0235b3b8c
356,Douglass,34,7,290-709-3088,Bronze,122106031,3f24041e-d3b1-435d-aad2-451aa0b77a9e
357,Rica,3,57,856-886-4314,Silver,026009551,2165ee8f-d8d4-4e83-9af2-5aed8baa0c0d
358,Lonni,55,30,362-497-4997,Bronze,111903245,01fcbce6-fdd4-4693-a4da-4d5bc63d4f67
359,Rudolf,87,76,191-609-1005,Gold,113000861,b9966a12-ab18-43a1-abc1-05d5040e9703
360,Leoline,54,81,579-167-7374,Platinum,061219571,49d8ce46-980f-4177-8589-6b1acf43eac1
361,Teddie,76,56,100-325-2051,Silver,071004161,7f1cb7eb-4ecf-440a-b71c-68e2ea5c2c74
362,Chelsie,3,43,925-751-5633,Bronze,011110659,054e2cdc-9cb6-44be-9c94-39866d8d43e6
363,Joly,76,76,955-225-2292,Gold,074906622,9aa8ebc9-49c4-4915-93d4-36df774527f8
364,Dasha,79,20,735-543-7059,Silver,282970437,ae4274a4-f21e-4473-816b-16ffb83a7603
365,Rog,66,65,720-648-7962,Gold,072404948,16d235f9-8ac4-4623-ad82-9698291ee2aa
366,Freddy,72,37,696-754-8743,Silver,031305347,2fe66ba3-41c0-45e5-9fe6-aa26b07d82ad
367,Dana,70,67,586-610-4162,Silver,071925923,d642fd5e-851e-457f-bb3d-0c27efa764d1
368,Starr,43,16,497-696-8147,Platinum,114909929,d33de276-cf8b-4a60-a1a7-78b03d5558d2
369,Jenifer,81,41,845-183-4394,Platinum,122243664,c40c01e6-c858-4a9e-88c2-e4298b69d9b7
370,Brett,99,86,744-162-9785,Gold,104901717,9b333eda-663d-4e24-908b-dbf6398ed882
371,Lolly,15,3,683-927-7708,Silver,053000206,832ff657-74c4-42c0-a7e5-bd14ed548dc0
372,Tootsie,3,45,554-326-0090,Platinum,103102575,15f9aaa2-a650-4707-89cb-ee41fd791c61
373,Jourdain,29,40,174-360-9344,Bronze,123084958,3b29a21d-b53a-4f1e-959f-5080c5ce9391
374,Arvin,81,6,891-831-3908,Bronze,073922296,8ff57868-6da7-46cc-9cd7-c7a738903709
375,Koren,4,48,310-329-8358,Silver,062200880,d3300792-cf7a-4cbc-bbc9-78d351b7c7ff
376,Yurik,55,29,540-206-9482,Bronze,065306118,13c891fc-379c-4754-b4e7-889dee7c684a
377,Bartholomeo,74,13,732-722-3919,Bronze,031303763,47a6a5bf-0102-423d-80f6-003cd7a11d6d
378,Patrice,88,46,194-511-5413,Gold,042107754,f31de9c3-845e-460c-8c39-f23af0047005
379,Jackqueline,35,69,439-347-5098,Platinum,021206715,30fb9d9a-dde6-495d-ba05-8288374f80c1
380,Othello,21,39,710-352-2527,Bronze,114000019,c42323d5-93a1-4437-af5a-86f7a1857adf
381,Chrystel,90,84,288-366-6670,Gold,113108802,8f29fd67-d235-48fa-9030-3510e2156d4f
382,Shayla,42,50,527-768-3735,Platinum,111924350,dc5e984a-1fcd-4081-924c-fa850eda0dd6
383,Waly,35,41,823-660-2375,Bronze,071000301,73f174ee-bc05-4283-9cff-ccaaf4b0292b
384,Dianne,89,47,706-837-8073,Silver,067014123,a394aed3-f15e-4b1d-8a1c-78a796ea5fbb
385,Ashbey,9,26,332-555-9802,Gold,066013989,354ad9f3-688c-41b6-91f0-b1099f65e2a9
386,Adelaida,48,14,296-357-1909,Platinum,122105760,7a3ad11e-74fb-4795-b7d1-0dc4bbc52370
387,Duky,98,85,736-242-9506,Silver,111101597,4b0aee44-1987-47b1-927e-abc9b2531621
388,Coretta,60,88,785-889-0551,Gold,061191848,71c819fa-b4d1-45d7-b72b-205ba54e1c03
389,Betti,87,88,843-732-4480,Gold,081905344,50d3657a-6db9-41ea-9668-bdaabaa2333a
390,Luke,96,25,398-441-0471,Platinum,083002342,8e8eb900-64c0-49a7-9073-843b6e78b53c
391,Margalit,89,96,532-659-5680,Platinum,103000240,4cd9b02f-dc00-4f8c-81e1-f3460f69b1b8
392,Tyrus,22,88,361-654-4260,Platinum,074903955,51fa5f58-20c6-46f9-ad3e-b1f9a75cf46f
393,Edgard,39,96,829-768-6141,Gold,072000096,9e7723e6-7894-44e0-825a-a35bbdc4b951
394,Janeta,21,28,642-580-9645,Gold,211170046,0feed3ab-cc01-4b69-9ccf-47bdc90c2bb7
395,Dasi,18,83,905-121-2685,Bronze,122244566,ce3ea4ab-cd4d-46d4-b2c0-ae20eec3c411
396,Fifi,96,13,976-303-7092,Bronze,121181866,4352bda5-b6d2-436d-bc84-0d2bc4890fda
397,Jeromy,69,44,653-590-4063,Gold,061120178,fcbcaf0a-929f-42a8-b94e-9a0a03a764f5
398,Madelena,29,49,140-480-6589,Gold,042104401,b91247f0-4e38-4c17-a146-f389da631419
399,Benyamin,42,71,727-167-6743,Silver,114904953,fa214ccb-0633-4e95-8c2d-719f8d3bbd6f
400,Heall,90,35,797-292-3161,Bronze,113122655,fec6702d-4e41-4b2f-b6c6-8ad08cf02c66
401,Hortense,48,79,285-718-0162,Silver,271970312,96837ed1-f983-4cfc-b628-bf7250018538
402,Lori,63,96,826-627-9014,Bronze,322271096,bd80de25-17a3-41ef-b1f1-630c23a364a4
403,Agretha,61,45,364-152-2888,Gold,284170510,05a658b2-248f-4176-b454-1f19ec85b43c
404,Dolley,53,13,466-766-4175,Bronze,081227129,63fe9468-a448-49a0-8cb7-4cdfeed2c23b
405,Sande,74,25,946-119-2367,Bronze,022000020,a46da8aa-bab9-4bae-b878-f354e6142359
406,Colline,26,62,235-560-9611,Platinum,071925871,f7a19f49-00ee-4252-b61f-da6cdd5d41c6
407,Tarra,9,82,892-358-3558,Silver,104901717,0a969adf-8b4f-4ce9-aae0-d53696321e5c
408,Ade,4,48,441-910-3852,Gold,081506552,9c0d163a-16f7-4208-836a-476a677cdba9
409,Xavier,15,23,378-181-3761,Platinum,052000618,0abdbcfd-2b49-430a-9a9f-b6c3c05b1401
410,Lem,8,19,109-294-9089,Silver,091804833,a917b5ff-3ac1-41bb-acf1-b0a717686fe7
411,Tilda,68,34,731-913-3403,Platinum,111319004,1a35c470-07e7-4994-a201-2f8e8573d885
412,Shellysheldon,24,41,745-173-1629,Gold,071923747,8205d53a-0e8a-4b43-b474-c20865ee253d
413,Bran,46,50,304-247-4562,Silver,284373838,8e13a25f-9bba-4dca-827f-bb9e0cf94c27
414,Mignonne,62,32,463-452-2443,Bronze,064208398,33e30654-79ab-47c7-afce-78562cc7af1c
415,Cord,24,45,925-135-8230,Gold,211272465,fb5e4934-cc70-421e-ac38-24696acdb90e
416,Jareb,94,67,752-453-6849,Gold,084102979,b36be285-9d72-4170-af93-5f2349a5d2be
417,Janette,6,74,908-154-2837,Platinum,121142627,5b49b383-c1d5-4a83-bd2c-f5bb80413efd
418,Zitella,4,24,237-303-2218,Platinum,071921833,ad535ed4-1b6c-4ba7-9c03-e6c56ae1c567
419,Clarance,34,63,844-834-2895,Gold,044112488,0b1027dc-5d9e-47f4-95a9-d10d7b4fea0f
420,Romy,61,95,989-561-2830,Bronze,042103460,e2b3886e-cd2a-4920-96b3-55ffb0f3c5a0
421,Edik,75,35,970-143-1665,Bronze,065200515,d34c84a0-ed77-476c-a241-96d70c0c63c8
422,Austin,18,4,463-940-9344,Bronze,084201511,f575c08a-f700-41f0-a606-c570a00cdad8
423,Dex,35,50,380-713-3568,Platinum,031306100,e6adc0b2-c964-41ae-ab6d-97fd7a4ed7ab
424,Judie,4,60,761-823-8525,Platinum,107006677,4fcf87a2-1956-4a91-b202-1fb3494a5b60
425,Mose,50,16,728-785-5433,Bronze,067016118,e7568060-84eb-4ef8-9d1a-f4fb94b386fb
426,Lorraine,85,98,734-931-2240,Bronze,055002286,853e8894-c0da-4599-a8f3-e4741a105a70
427,Tarah,21,63,725-228-0420,Silver,114914710,aee252d5-8c69-466a-bf56-74409745b7ce
428,Feodor,44,30,533-426-3357,Platinum,111311413,db86027e-6ef3-4bed-97a4-282f09e071c7
429,Erna,2,65,117-433-9499,Gold,067011294,45930ec6-812e-4f47-8517-e292b57e35d9
430,Emanuel,92,70,950-328-4074,Gold,091409717,db8a9675-6a03-4149-94c1-689b19f4f321
431,Rowe,35,1,281-331-8633,Bronze,065302701,08040719-89f3-4113-81b4-d2ffc057acd3
432,Rowland,33,96,535-720-5952,Gold,104904646,84f089c0-bee7-4258-b5b0-174c47c86b02
433,Hadria,78,100,819-946-7701,Gold,084202112,91fe80ba-aa6b-4a95-b4c6-998bb911a435
434,Elvira,37,51,133-678-2545,Platinum,274970584,b6956a97-9cd8-4ea1-bee4-ecd9a87945a2
435,Redd,93,34,207-239-8170,Platinum,075917898,73dfd1e1-59b6-4771-a36b-e052bd094191
436,Lulu,76,12,282-346-0002,Gold,053109877,9c58dbde-f7cf-4ca1-94d9-436080c75ad2
437,Riki,51,50,635-124-6367,Gold,075906524,f51b4859-16f9-4ad1-8705-37076c67866d
438,Whitney,57,85,156-693-7066,Gold,041202003,dcbff623-b817-4c45-835f-83dfecf61945
439,Culley,51,76,968-109-8235,Gold,253176215,a256d5d7-bcba-48ce-b6e1-1a84483f703a
440,Gabie,17,63,118-134-4210,Silver,041200775,c11766b1-79c8-4b8f-891c-e7450d31374c
441,Kary,44,56,532-990-6534,Platinum,211370095,8b9410e0-711d-4523-95b2-b6e612a7b02e
442,Mickie,18,28,713-355-6555,Bronze,052000634,55326614-5d8d-4140-b93c-82a423c1c033
443,Nicoli,88,71,236-757-4745,Gold,091206965,42bdb412-e277-4f1a-94ac-07bec13a1637
444,Gabriell,3,15,342-750-3331,Bronze,071905985,3315f7b0-24f4-4bcf-8d41-1125f6f608a9
445,Andria,73,29,435-721-3863,Silver,073918608,13007ced-5cd0-42dd-ad93-e9eeb1f84438
446,Torry,80,16,906-271-3006,Bronze,061000052,07bbdc13-0b9e-47f0-af35-031075e9229f
447,Paxon,78,27,363-631-7115,Platinum,064203979,28974c80-603c-4bfd-968f-46ffd9974dfa
448,Cassie,96,37,197-258-1959,Gold,071923255,71c1ee77-3706-4a39-b6c7-d796b1931326
449,Trish,70,2,574-386-5325,Bronze,053207931,d172dc37-ab77-47c6-a794-acbc0c4f6978
450,Julina,36,37,171-381-9423,Bronze,072413748,a30bfb61-e803-4bdd-a943-7a68a9c06200
451,Kenyon,28,70,959-220-1395,Silver,265472208,4c21f9e2-aa25-40cc-8f82-26d4fd5b1c47
452,Tallia,26,66,229-201-4041,Platinum,083902387,85d623ad-8232-46b7-ba56-d822e159b212
453,Mischa,6,60,814-953-5151,Bronze,063105683,3abdd0d3-8e2c-4092-b486-7720b677d120
454,Carleton,32,73,760-615-6233,Platinum,055002286,784908f0-0a7c-4ef7-947c-69a65577b9b2
455,Patrica,57,50,708-760-0475,Silver,122220506,8d29ab6a-367d-41e1-9c56-63f762cc918e
456,Sybilla,60,54,442-412-0573,Bronze,112207403,9a4a0a44-9490-4bf9-87e9-7e7b67f023f6
457,Kesley,38,86,848-407-3963,Platinum,101201164,074654a4-6994-4d18-8552-1ed0c3ebef34
458,Seana,23,27,733-470-3303,Silver,011500010,098dd508-120a-46bb-9a6b-7149a7a23f65
459,Chic,99,5,555-313-6139,Bronze,103105116,fb986ab6-29ac-48c9-8c3b-2b65c180b756
460,Tallia,99,84,235-218-3167,Silver,074914274,490adfc7-7f62-4c29-8b93-6a70ee5c03c8
461,Stephi,70,60,678-569-3055,Gold,061205255,ef415094-754b-4c1b-b6eb-9d2c7f3c91eb
462,Norri,61,15,213-963-0773,Gold,021202311,7aaf3624-f870-47ec-8980-4af25e00961a
463,Ferd,61,81,645-629-6130,Silver,065505870,7fc756c4-df06-4235-8581-dd2570e838b5
464,Saidee,21,76,403-960-3421,Platinum,051008828,365580c8-686e-4f3a-806e-4795f912caa7
465,Monika,42,40,450-181-7555,Bronze,011401533,11124c44-7e61-4272-b324-eaddc3b3927d
466,Jenica,83,25,417-125-6901,Gold,053200019,18cdbfbf-6a77-43ae-9050-1e9f185d68b5
467,Levi,60,67,924-150-5241,Platinum,114907387,5abb3576-2ccb-46d1-923e-e3df589c402c
468,Nil,37,3,628-851-1504,Bronze,267086058,3467a3e3-83cd-406e-b702-f3f696d96df3
469,Sheryl,66,66,925-104-4467,Silver,121142407,3402a8a0-9c66-4dc6-974f-d2a87c3a2674
470,Josefina,77,13,317-544-8459,Platinum,256073302,8acb4589-6e16-44ed-b582-40fbd382a942
471,Stevena,42,84,193-680-9592,Silver,081500859,2e9a9a86-7a19-427f-b4f3-82c48d44126a
472,Aindrea,10,8,637-838-2983,Platinum,104900679,c137f471-0d50-422a-9b1d-4f9478214747
473,Pia,61,29,686-566-2182,Platinum,043318814,df651770-14b7-4588-aa34-a1dd0af92061
474,Hillyer,84,64,197-822-0368,Gold,111101982,edf5df2d-5706-4aa9-9838-d1bc86ff4e3e
475,Bogart,62,66,956-657-2071,Platinum,051405405,558ad218-c4c3-4635-aca6-74fa8a6c9142
476,Ebba,39,1,387-190-6275,Bronze,321070450,a6a2411a-5718-4977-97f2-a9709e51515e
477,Abramo,60,54,468-451-2061,Gold,041210985,894eda81-2672-493b-98ed-1936775402b7
478,Issy,49,86,954-305-3900,Platinum,123084958,3e935f38-8323-4ba5-9dcb-94b667955c26
479,Brett,33,18,671-931-8454,Silver,122240308,94c6999f-ff95-472a-a4fe-f18ed1581990
480,Webb,14,70,597-833-9592,Platinum,081501227,1dcb5bd4-8f2f-4cb0-8f3e-ac91c624d2a7
481,Chrotoem,64,8,461-912-6188,Silver,272471357,8a7e2221-8937-4e83-854a-6885a57e7481
482,Seka,11,51,563-367-5838,Platinum,082901020,ac6c8ae2-bce2-473b-87d6-3af6e541c927
483,Abbie,73,2,468-322-6946,Bronze,101105817,56ac340e-d7ab-4ce8-897d-446539955e84
484,Steward,13,57,800-361-7388,Bronze,071921396,a146a415-1d6b-4c70-b6f6-3750b701de9e
485,Ashley,35,5,600-725-4720,Bronze,082901635,b82bc9a1-6f3b-4424-9364-83fc00052fec
486,Ainslee,88,75,318-808-6329,Platinum,042103473,f59d1002-fd2b-4e62-8481-09c82fd616d0
487,Lana,63,54,646-538-2209,Bronze,102101496,405e6d1b-2d3c-439f-8835-db48d9a82d3a
488,Cristina,36,5,550-391-7474,Silver,113024520,8f1aa487-91b5-41d8-a63a-719f8ef4966c
489,Dmitri,10,34,658-599-8444,Gold,121000497,75bc55d2-3ec9-4a6f-823e-aba1f23961bc
490,Leighton,36,88,412-830-0165,Bronze,071000343,d4d3c1de-532e-425c-9842-aadc8f5750b0
491,Minetta,38,16,860-238-3053,Platinum,112322634,9266a734-90d4-445c-8d64-958a972f9387
492,Iris,94,63,927-951-4952,Gold,062101882,5d367685-2e54-4924-aa6c-555b9e63eaec
493,Celinda,27,1,325-143-6458,Bronze,284373838,757ab02f-cbfb-4b5a-8d36-f6103ad2946f
494,Geneva,42,54,558-989-9996,Silver,211370257,fae985d0-a07e-49da-84b2-5e5bb1076219
495,Sheree,64,58,599-268-5601,Platinum,111001105,465b8a85-37f5-4bd7-99ca-9f03d3db821e
496,Stepha,80,7,407-146-4947,Gold,104112849,43fcb06b-2648-4374-bc7b-8c896233969d
497,Vilhelmina,27,79,879-504-0113,Gold,026073079,ee63dd75-1134-4477-b85f-539a8c772ab8
498,Dan,20,23,131-687-2043,Silver,101104355,920040ec-a782-40c0-9a66-f2a01153df6c
499,Christan,78,33,681-783-5105,Silver,241272024,f31780e8-46ac-45cd-8341-336c5245f450
500,Lorrayne,26,44,848-164-2430,Silver,042100188,2de19082-077c-4210-ac5d-31ea8b07f6ae
501,Wenda,58,83,339-138-9439,Bronze,053102816,fc19e04a-9eb8-44cd-a38c-8f8aee70bc2c
502,Nappie,14,87,995-280-6623,Bronze,113000968,40743d60-584c-4ea2-9d9e-11255a7c3b2b
503,Hodge,76,93,953-402-5952,Platinum,311093120,04193b4f-221b-4ae9-b91a-4b6f22314c39
504,Nancy,30,62,521-221-8929,Bronze,241270039,4dc44692-1a5d-49b5-b104-50b12ba8a096
505,Jobi,39,18,763-216-7547,Bronze,091400525,cf794cc8-8e33-4e8c-afeb-22d92dff53e9
506,Antoine,65,90,847-477-5979,Bronze,211370590,9ea4e144-9072-474f-a877-324c7981faef
507,Emelia,68,21,751-797-6654,Bronze,081503607,d8da00b0-35b6-4bdd-93bb-f4016bdbc0f6
508,Logan,95,14,859-870-7652,Bronze,111311840,73906381-8183-4eb6-81bb-fc95aa91fcd0
509,Boris,85,85,508-833-6444,Bronze,026013958,0eb84fc6-6bce-4683-8e25-94b7f5b45028
510,Tory,35,70,285-360-4409,Silver,073918569,9f592214-0c30-4218-a59a-dfe6ebb787a1
511,Darcy,27,61,907-463-9479,Silver,101213204,4d977b4e-2ac6-41c5-855c-79c4c59dcb26
512,Anson,44,28,620-994-9236,Bronze,061308770,1a102a7a-be16-4357-a3e9-e01a2227409c
513,Cecil,47,64,552-185-2629,Platinum,113093849,47ec07d3-d89b-4df8-800e-34b8a19f40de
514,Temple,62,70,748-472-0081,Bronze,074912807,441d95a6-0cbf-478a-90db-0b21e0c71537
515,Montague,24,21,438-181-3740,Platinum,091210922,cb3b8205-1644-4caa-b4be-e00b3a9b42ef
516,Odilia,16,37,522-948-9904,Silver,091802877,490c35e6-bb79-413f-ab1d-7664bb16fc0c
517,Vick,50,85,773-371-8320,Gold,111914218,535bca3f-408c-4d17-8ae0-34e55936b007
518,Stephannie,30,56,660-382-3930,Platinum,122106374,1e937a7f-7765-4e43-bbb4-b09d86c5edfa
519,Fredrika,50,2,321-882-3906,Bronze,252070817,a1b215de-8c83-43a9-8564-96c6a8b5f8bf
520,Arden,70,79,444-695-3666,Gold,052173464,813511c0-1fb3-4cf4-95a6-aeff29e57ae9
521,Jasen,99,20,258-915-2705,Gold,081221497,b773cbde-fe56-4cc9-afaf-ee6e6719b252
522,Beverlie,22,43,553-364-6833,Platinum,043300712,9de4615b-f538-4770-8855-d8908fa113b9
523,Loleta,80,37,890-833-1256,Silver,104900459,409423d3-af9d-4ffb-9d6b-2c4c5afe1674
524,Giacomo,88,37,499-529-5862,Platinum,075906524,fa74557f-8a5a-454d-bf98-b61d9f114822
525,Feliks,25,59,342-739-7082,Bronze,071126764,154876ce-04ec-45c1-88e9-ff2c96a3655a
526,Robbert,60,63,681-911-3613,Silver,084202442,74de2ccd-7e3c-48f0-8eef-776d784ca321
527,Sherwin,11,54,897-406-4114,Silver,103102546,b8a54c1c-0765-4075-953d-612fd1d0fc88
528,Tomasine,62,48,595-766-3636,Silver,091209483,c49b55ab-e793-425d-b584-5985216a3390
529,Efrem,94,46,991-444-6112,Bronze,063104972,7ad96ca0-fb8a-4e75-a016-56d6ec75ce12
530,Anatollo,53,39,896-675-1356,Bronze,065403626,11aa8e42-023a-487b-8ebd-bc448c8b253c
531,Timi,92,89,440-193-8304,Platinum,081503102,28dfc852-be12-479d-aafc-a80a2a7127c4
532,Dorree,69,15,828-385-7319,Silver,073903419,83c3ec0e-47d8-43b5-90e8-9600f8e8827f
533,Free,41,52,154-826-1677,Silver,071921532,963b39b9-4e2c-4d95-9dc5-bd28815da617
534,Sophey,21,9,579-903-7832,Platinum,107006004,a87b4522-bfe8-4d72-aac4-1a4b0b94bf69
535,Jarret,15,80,292-759-2569,Bronze,111321649,4c0dae35-face-461d-a495-67a45fcfabc4
536,Sibella,80,17,225-322-8226,Bronze,103000800,daef0a23-6595-4458-8ff8-20a60c827aa1
537,Montgomery,16,69,977-224-2697,Bronze,042103826,ed6b5fbf-7298-4211-aca9-b9a382d519cb
538,Keenan,28,53,248-588-8363,Gold,111912252,78c9f22c-fbbc-42b1-9ff3-b5b188c9163a
539,Dall,22,30,905-116-9055,Bronze,073906306,75ff6588-f5da-46f7-8ae7-28e63b0f3fd8
540,Lorrin,58,98,300-597-2874,Platinum,011301646,0968842d-c0fb-4fdf-a10b-0eb131b3ab74
541,Kerrin,30,58,135-209-7236,Bronze,063110092,787965c6-e7bf-46b0-86e2-17faafc26ea7
542,Letizia,83,25,915-799-1733,Platinum,086506955,9e722636-22dc-4bee-b6c7-6c47b67c859e
543,Karisa,42,50,160-106-4586,Platinum,044103523,e16f9918-e3f5-4baa-aaa3-e78798408aee
544,Morten,48,42,366-496-5926,Platinum,021907577,d517f4a3-af33-444d-b977-9681d115f517
545,Siobhan,37,42,151-390-2559,Bronze,075906595,f2275001-a8a0-486e-bd56-987cef10a1af
546,Carmelle,11,18,962-520-9492,Silver,074909470,6852b8b0-0e7e-4bb1-98ed-076841c24a9e
547,Wallie,50,91,646-213-7836,Platinum,072414239,75a29a87-7d9e-40ee-b1a4-f9b2dc7b498b
548,Aurilia,85,6,630-124-4795,Gold,102103562,21262b73-ade2-4b53-85a2-6c24a5dc2ca7
549,Cherie,50,56,139-222-4764,Bronze,063114360,f02ffe61-8f9d-47d8-8bb1-d1a99cf83b0a
550,Elyssa,86,48,912-357-5295,Silver,082900966,2ca9a111-39bf-45b7-ba82-7a57dbe8221e
551,Jacenta,2,92,135-623-4892,Gold,061119985,28ce51a7-9d99-4e71-8a74-fee2a67c57b8
552,Gery,5,12,109-642-9574,Gold,114917924,40d9651f-bf8f-4788-8cb4-f0bf6d9f764b
553,Garrek,26,43,799-548-2351,Platinum,121141822,1c53b8d8-1e83-4225-a6ae-299228457f4e
554,Lizbeth,85,66,516-820-3280,Platinum,074904394,395be731-1cda-4e50-9f68-e5667a153d27
555,Francesco,35,21,619-357-7170,Platinum,075903226,73385d37-bc47-4a18-9db4-0839af70a588
556,Sabine,73,21,346-395-6635,Gold,091806242,f94da79f-fbbd-442a-926d-5de5c95d63c7
557,Lothario,28,76,914-918-9266,Bronze,071922227,c7ce8fd8-6d96-48d2-9316-000e091cb486
558,Sofia,57,38,549-532-4859,Bronze,101104436,187b5ef6-3d26-40e2-98f3-674f64ed818a
559,Joanne,71,73,332-958-7353,Platinum,041205521,0b53a404-9cc1-4e98-b5de-e9acb54f0d88
560,Stanwood,98,64,348-508-4633,Gold,221271029,3434518f-45ac-4ee0-8061-baf4e5698aef
561,Richardo,78,27,313-754-7478,Bronze,264071752,c41f876f-3af6-4e3a-aeb1-1a8f87f921ed
562,Lillian,33,53,850-184-0268,Gold,061192753,616a3e52-4271-4e54-9ac5-9c8c20f228d6
563,Stanwood,63,73,896-674-3980,Silver,065404913,ab669826-e3a8-4f19-973e-2a383045d5ee
564,Darnell,60,52,432-217-3498,Silver,267091221,f700ba2d-b6ea-4758-ae75-55698c1ef470
565,Nadine,75,7,771-221-2215,Platinum,083906684,a51d36ed-a239-4d75-8c91-57ce6046aa50
566,Frederique,74,58,213-295-3737,Bronze,071115801,a0b89d57-4a39-49e3-b3e7-c3c205417550
567,Philis,98,49,537-104-3327,Silver,063114580,62dde4c1-60a6-4f34-af41-73a3da9649d8
568,Corene,77,81,789-399-0519,Silver,044115443,5a324ec0-244c-4107-b798-cac5f7d6a96a
569,Elysee,5,79,956-612-5600,Platinum,053003931,033fa020-bf92-4e9f-8abd-009d15186bb0
570,Gerda,75,100,931-487-3494,Silver,051000253,b11ac5a7-5f2e-4c1f-a0ab-b9dbfe4ef1c7
571,Madelyn,6,80,335-504-7604,Gold,111026041,0f53599f-e562-469c-9d51-c5c15971170e
572,Theodor,37,30,126-659-7661,Silver,091310699,6bdda4ac-e43b-4ebe-9636-eba3ef6fc862
573,Valentijn,23,25,680-356-7881,Platinum,271071004,a3aeadab-bbf9-4eba-a1b9-e9220dfe2a14
574,Camala,60,64,715-250-6231,Bronze,021309997,56d4c5e3-9657-4f01-a839-bd635dd97240
575,Kennett,33,18,100-903-6951,Silver,073912073,816ac1b0-cfb7-4d1f-b552-ccc3d6600cec
576,Nev,54,52,552-541-5434,Platinum,064208194,e4339bde-7902-433a-8728-015278804c87
577,Murial,38,10,505-506-0849,Gold,071921891,ce235065-e75d-4d61-befa-a4a51fba828d
578,Blake,9,42,550-977-0675,Gold,061104136,667da392-63b8-4851-a9ba-6a156357cfdd
579,Nanon,20,41,983-454-6892,Platinum,281073458,3eefff79-9089-483c-8294-8304cd85c976
580,Adore,40,48,273-563-1689,Silver,092900613,3d62e8ac-b2cc-4096-85e7-2b58d1b8463f
581,Belita,36,83,804-759-9702,Bronze,026004970,decf51df-0dd6-4156-afb7-44c828d9fb6b
582,Robby,14,42,881-433-8208,Gold,231372387,fe596c39-490e-4a55-ae79-e95126adc186
583,Sayers,84,80,575-416-2392,Bronze,274970717,52e0da35-320f-4d9c-bb93-f6ad2ce6ed6c
584,Lesya,2,37,207-617-0085,Silver,111324895,cf20e6a1-daec-4108-8c21-9e2974ce1da1
585,Eric,86,66,766-746-6005,Platinum,121138990,34b7a09b-96e1-4fb7-953a-74968356fce2
586,Kliment,55,40,429-728-7086,Platinum,062203104,9483fbb1-15c0-40c7-bb21-446454b374a6
587,Javier,20,80,631-550-5563,Silver,113114595,64eb13d0-bd5e-480e-93b2-4e58567a5a29
588,Glynis,65,29,944-987-9051,Silver,114902777,701b9aa8-4e40-426e-97a5-cc152ea51980
589,Melicent,11,91,793-416-5357,Platinum,211370257,4d25a8ce-1862-4315-a93a-7078cb345f5a
590,Mattie,21,52,429-423-9753,Silver,065106363,08c3189a-86b3-47ae-864f-c0fe31f50b94
591,Carroll,35,49,681-866-9229,Bronze,063000021,e911b0a9-f15f-4d83-876a-d4a0a72fe503
592,Emmalynn,48,68,751-722-0407,Platinum,102002757,c0cfd77f-86de-4068-983d-0a00078b5e61
593,Keary,53,91,880-444-0011,Silver,101104504,f1fae1e1-cbdc-4084-a3d2-17c8e6f17dad
594,Emmi,34,45,267-902-4798,Bronze,062206732,90c7206d-9108-4b26-b191-bd93a650467f
595,Jaymee,10,48,150-612-5790,Platinum,053208095,9b8a2cf4-01f5-42c0-8705-e577626004d1
596,Alwyn,72,37,878-916-7578,Silver,056005376,81ba9e26-e44d-4ec6-a427-348a45c1a6d1
597,Nicolle,64,54,670-528-1167,Bronze,122043440,a4a258ac-bca1-4570-98fd-a2e1b0804a17
598,Denny,39,45,113-853-2220,Silver,053111810,3656abe2-02d5-443f-b7b1-a9e8c9904c3f
599,Katti,87,90,539-275-5917,Gold,063113523,8d7afbdf-aaf5-4d2d-aaf8-60ce0975795a
600,Roch,48,11,827-384-9523,Gold,265470158,513f5b80-3fd0-44c9-8ab5-efae1918ef4a
601,Noellyn,27,9,843-916-6948,Silver,071201647,c8e805fa-c7d7-498b-a132-88255641ba4e
602,Bobby,96,1,772-344-4138,Platinum,113125380,13686f55-22f8-4dfb-b1be-0707526797af
603,Arielle,75,70,617-873-1184,Platinum,026011507,dd785212-f430-4b84-8478-925e308059b7
604,Deeyn,55,72,984-711-2640,Silver,111908004,48c85f8b-6024-44c1-bc15-f4ae867b7204
605,Hattie,49,11,786-773-9654,Gold,103102889,0ae007c3-74a6-4f91-bfcf-081d960a171c
606,Avril,63,78,317-419-2561,Platinum,052000618,ee98a6d4-8f48-4a77-a75f-7a63be97f6a8
607,Geri,24,55,772-470-0011,Gold,122239814,45fde8a0-8e73-4b33-9fd4-b4ba56411610
608,Tildy,44,32,479-288-0902,Platinum,112202123,baba226d-dc33-4fda-9810-458de13877bb
609,Cate,87,93,707-841-0898,Gold,101106751,cd19ac52-14b5-4093-936b-f6df4a01be05
610,Wylma,76,19,906-498-8665,Bronze,071922379,11fdb9b0-5e8c-4889-abae-504ec73cb4a3
611,Riva,9,36,167-177-4385,Gold,026010058,25f661e7-e82b-42b3-b322-4df1247e3533
612,Freddi,14,48,130-489-4679,Platinum,082900487,c2016cd5-0b53-4374-904e-264b92a84123
613,Kanya,77,71,531-970-6659,Gold,121142407,11dc6c10-96d1-40dc-a5d9-c4e6bd53bcbb
614,Kippy,42,44,734-251-1111,Bronze,114993786,9f8dc547-09eb-49fd-b9f6-de867dbe3d9e
615,Ty,17,58,107-393-1506,Bronze,062201779,e31b0f1c-4250-494f-ba22-ac5230014ac0
616,Chrysa,29,74,180-391-7347,Gold,241071762,4ed824e4-d301-42fe-bf40-5ad3564f27db
617,Harmony,47,48,415-414-0454,Platinum,067006238,80aae89c-ab4e-484e-a057-635fcb677082
618,Valeria,65,58,415-963-6289,Platinum,226070296,41cede12-5c85-4a0b-bfdb-42808b899541
619,Melantha,48,42,373-642-3649,Gold,065306118,bc1e60eb-191c-47a6-b4a9-0179490c49fd
620,Gloriana,66,4,275-235-7227,Gold,021031207,c83e4610-68b2-49fe-b42a-f3bbb00ae8e0
621,Sam,95,87,824-487-6903,Silver,044106397,4581979d-babe-4c2f-9ec5-2b03efb660c1
622,Marcello,15,99,538-807-2883,Bronze,044102362,82c38df7-619a-4724-aa26-57ddbbba7d30
623,Cati,29,67,527-544-6267,Gold,075000103,a4454bca-600f-4a63-83cb-0b40d8f650c6
624,Noll,73,76,957-563-0202,Bronze,042108122,a4f660dc-96fa-430f-8f36-8775ab6a0797
625,Dorthy,34,97,484-451-3844,Gold,021502105,3db4ca26-23da-49f5-a12c-8355f13c892c
626,Luise,53,27,564-620-7268,Platinum,021202609,ee89233d-5275-4e5c-953e-e6928b07f3a1
627,Dorree,91,83,573-553-2572,Gold,021502354,2fadb50d-a5b3-43b8-8400-f019066724e7
628,Ellen,50,24,686-965-9081,Bronze,043018868,ffd94675-92a0-42f0-898b-df955b616765
629,Kareem,53,92,789-237-1226,Platinum,065200243,1515ea93-06ef-4770-9f72-c0689441ba07
630,Antonius,96,35,467-518-7006,Silver,221471094,9d2f60ac-7aae-4276-be50-af4ca36c4e24
631,Fletcher,37,80,950-837-9308,Platinum,062101468,9a1c760a-ab86-4a81-b72f-2f24ce2cdd21
632,Datha,78,89,686-623-0333,Platinum,107003298,961f25cd-7bd2-4f97-b9e2-1a3e85464b6d
633,Ula,37,11,224-418-9644,Bronze,064103079,e748d03b-ceae-4b45-a812-6fd314a14654
634,Dorothee,15,39,760-460-4410,Platinum,061308770,763f3e53-2006-40cf-aca0-9b2db02ef793
635,Bethina,76,13,737-498-6450,Platinum,111304064,b2d6d01d-8a01-4b87-ab0e-27a2e3c8c157
636,Ferdie,95,11,683-851-6867,Bronze,091408734,15a922e8-ab56-4749-8739-a892487500f9
637,Lauritz,19,91,768-738-7486,Bronze,226071091,80ed9ac9-df86-4740-aca9-61cffd058da2
638,Joelie,89,89,238-598-4347,Bronze,062201067,3a41b4fb-d5d9-45f4-a136-ff4fedd10931
639,Ailee,83,63,977-770-4184,Platinum,031902216,291a1c6c-6855-4827-8354-5f76820455d4
640,Thornton,74,66,819-185-2656,Gold,091201818,a5ec6ae9-272a-4aa6-ad09-9484802dc30d
641,Karlie,21,7,703-352-2242,Gold,042204123,81b27367-d55f-403e-a0e8-e3dcf8c52443
642,Keven,46,65,769-710-8699,Bronze,121139685,aca97982-c2ba-4347-b56a-cb69ac511744
643,Lita,78,53,597-112-7870,Bronze,083908174,c2ca25fb-6729-49e7-ada9-da095afa57c3
644,Aluin,39,8,673-453-0172,Bronze,043315448,6cccc9e2-3326-412b-b66d-44397aeb8a30
645,Corina,3,88,337-293-7168,Silver,091807254,404d8ac9-4d3d-48e9-8011-dfbcd9ab468b
646,Herb,56,5,885-361-4945,Gold,091807254,1cca153b-2632-4e5a-8155-035c7ce2db41
647,Jacquenetta,28,15,930-735-0236,Silver,222370440,dbc2686f-07f4-4af2-a6bf-bf3498972f31
648,Christa,18,88,162-905-2222,Bronze,082907202,c8f00a0c-cf5a-4903-830c-9bedfc044820
649,Sebastian,45,76,452-624-1462,Bronze,122402078,30d6714f-5972-498d-b46b-24da48d8e0eb
650,Melvin,38,35,108-205-1384,Silver,081000032,fd732c07-da06-4286-9c64-1f2f8650cef8
651,Margaretha,82,37,616-671-2119,Platinum,121143118,b1308906-1495-4140-81bb-0395339a5228
652,Chicky,31,12,235-180-5258,Silver,102300404,93e38123-6952-4e04-a5ed-98e82cc3356e
653,Ari,64,96,275-435-9652,Silver,052000618,b949ad1e-a936-4d29-a990-7dc82398ef88
654,Obediah,99,22,802-630-2503,Silver,071905846,ea2231e1-fd4a-429c-b87b-6195a9817562
655,Estevan,62,38,977-484-8772,Platinum,111310841,d289266b-e67c-4fe9-9138-869dfb72795c
656,Benni,44,55,386-497-2085,Platinum,231375520,b3d4e713-c46a-4ce4-88d9-257aae34c9e0
657,Brena,68,4,101-349-6192,Silver,121139685,d4ba5a45-1608-4754-b770-7bd1269d88af
658,Milton,94,70,401-502-9884,Platinum,113105070,857405c9-3df1-498d-b631-0f23ec9ee2c0
659,Evangelia,8,39,853-301-0773,Gold,111309030,760ac088-4e6a-430a-87ab-33a3b2412dd5
660,Gusty,10,32,367-286-1053,Bronze,031301998,e75a4bb2-fb91-4b69-a85f-b7fa315d7ce3
661,Alan,25,10,809-710-2264,Platinum,211273309,1e53a170-8408-44cf-8abe-9986700347bc
662,Gardner,41,90,971-230-5061,Platinum,104113343,c89970ee-678e-445c-8341-38b5b4df1cbb
663,Petunia,62,81,253-830-9505,Gold,043309975,34ef7c0b-859c-4304-b04e-4e5d387c0c85
664,Hatti,96,25,768-802-2655,Platinum,026006224,0dd9d62b-eb04-4790-820a-b90c51e5b66a
665,Roderic,57,55,397-800-8807,Platinum,252070309,54a2ebf9-0c38-46ff-bf11-91650aff8ca1
666,Ann-marie,36,82,160-628-0295,Gold,055001711,544636f2-14d1-4f10-8106-08ca35318df6
667,Ibby,33,95,664-798-9242,Gold,071112804,f8c2e224-ff51-489f-a8fe-9382c7f0b282
668,Zara,71,63,140-807-9324,Bronze,071106250,9736f541-9f12-4f88-a0da-b3ed224e6b79
669,Averil,16,88,198-625-4143,Silver,051904524,907db7c7-6642-4481-84fa-be4e541b8b47
670,Fiann,96,26,855-753-1773,Bronze,091911959,028354c9-7241-424d-975a-e4b548b5f368
671,Bria,28,37,401-118-3556,Silver,284274076,7937cea6-2e2d-49e1-9c70-c0cd1089dbe8
672,Shepard,22,81,537-939-3832,Platinum,091308164,eb93923f-5e2d-45bc-9593-9a2f9afe667c
673,Bartel,10,16,618-283-1989,Platinum,102302761,7e643981-463c-44be-a9b8-1140aa951724
674,Harry,84,100,146-298-9943,Silver,053106799,53b39f37-8fe5-4e87-91e4-e31d1756dd6b
675,Belinda,60,26,177-197-4200,Platinum,101100993,aec528a1-3e16-43c9-9108-9775005a6f19
676,Lidia,48,19,302-575-9100,Platinum,043304239,73067110-b60f-417d-b0e0-cc7d76bae63b
677,Ceil,33,3,311-350-3664,Gold,021301678,cc387c08-8e09-4793-bc61-23af6516cf5c
678,Abe,88,17,501-365-9575,Bronze,053112453,675e0e9f-c325-4829-adff-27a178e9e917
679,Lilian,42,100,716-292-0731,Gold,265470158,408fb9ca-bd5a-4d87-9b93-e549aeb98ac2
680,Jeno,71,17,541-787-2845,Gold,071904371,9e91d980-a8f2-4ef5-b988-3cb0306ec4e7
681,Haroun,55,1,823-762-1061,Gold,114905499,2ec18b69-4309-4d7a-81b7-0585ad8f7f02
682,Maris,84,91,242-868-0647,Platinum,107006460,8376f653-b361-430e-b03d-bfc2bcef1484
683,Crissie,79,71,449-529-3967,Silver,091000022,98e308a3-7a8b-4407-aa05-bfee02a512e0
684,Dwayne,86,59,733-851-2727,Gold,322281439,6d40b8d3-60ea-4ec6-ba72-56442c8858f2
685,Burr,53,2,476-264-3870,Silver,072406771,6f438c32-f86a-48e7-8518-52eba5817013
686,Marysa,83,55,251-877-9778,Platinum,061120327,eea2f17e-c862-440e-8269-bad34d92b4dd
687,Damita,97,2,554-941-7944,Bronze,267083763,c5974b22-17bd-40b4-8d91-c6c724377c6d
688,Brietta,38,99,359-349-7754,Platinum,104102642,6a1133a9-8a9b-4fda-882a-4c7add402752
689,Malchy,50,27,226-374-3209,Silver,082907736,52250781-3a89-4891-97e4-6a41713279cc
690,Eleonore,78,25,470-828-2635,Bronze,104110113,b9453a4e-8e1f-46c3-8049-bd5db3478b7a
691,Antons,13,82,748-577-3075,Bronze,071913650,f1750b49-4624-48ca-9984-df984801f70c
692,Ryun,65,40,875-586-6230,Bronze,011900254,508a2403-87c2-416e-b935-2d657c1e8268
693,Adrien,15,70,966-190-4998,Bronze,111912401,3a371ffa-34fb-43e4-807e-9e5ba994523f
694,Aubree,43,1,209-492-6532,Bronze,011201539,23bd1ac1-1937-45ce-bb8c-f8c28b026155
695,Wheeler,20,71,812-678-5887,Silver,067009785,5c7a9e2a-9245-4f38-be6d-59fd0cb9e80e
696,Solly,20,23,812-110-5224,Silver,122402159,5bbd3e58-f9d1-4946-805a-8acb335f8037
697,Joeann,96,32,204-702-8057,Platinum,274970801,b7989d78-d750-4bc5-88e6-2f451b865f78
698,Louisa,30,56,173-975-9620,Platinum,116312873,2fa25f1c-9aae-4103-b2f4-5d572989228e
699,Rawley,52,59,850-243-7593,Bronze,062203395,e62d8d02-6e3c-4d96-bdfd-5d67cab01e39
700,Mandel,46,21,279-259-5650,Platinum,111917435,9df5ea68-e076-4836-a27e-c2b870ab9fe9
701,Orv,87,17,593-857-7434,Platinum,064107046,5f2e0ca3-e461-4c5a-aff5-93c28191114b
702,Les,59,18,910-786-7021,Silver,081218536,57ad8cf5-b470-403c-8b02-fa32f564af56
703,Hy,32,30,769-117-9064,Platinum,101201164,f046c46a-312c-4738-9742-2bdeaa8cfcad
704,Jelene,4,86,513-812-4724,Platinum,101101620,5a797e4d-efc1-4bca-bcc9-442dd67fab3b
705,Jami,98,17,406-480-3789,Silver,124084672,b48268fc-5be9-4726-8d1f-b8efdcd44545
706,Urbano,62,90,876-474-8478,Platinum,242170031,e011b86a-bb9b-4080-aaf2-ab76eb2aa546
707,Darnall,3,72,722-120-1035,Gold,211470319,ef76dced-cd44-47f9-819f-8282ede2cd71
708,Northrup,12,21,981-442-7787,Silver,084074395,e8cc3949-952a-4b2f-ab91-4d21445f126e
709,Kimberli,58,85,966-455-1012,Bronze,111926057,83439e67-a421-4675-bfe5-e3807675220e
710,Claudell,94,78,908-387-1230,Gold,123000068,e7d0f40f-63f8-428a-aa1a-c1cc199ac660
711,Dorotea,75,42,556-191-4206,Silver,271974046,079265db-97e0-474f-8883-07ea9095e261
712,Quintana,35,72,457-327-9890,Bronze,211174343,62da0747-c808-4908-adb6-ac3d3e2b5440
713,Celestyn,32,52,615-962-9375,Silver,111312551,f9b6dee9-4b3d-40b2-a559-b32127030f03
714,Trudie,84,15,155-673-3616,Platinum,122105595,ac80362e-3a0b-44d1-a5f1-b4c6856e8d38
715,Ursala,92,38,890-244-9951,Platinum,121138741,7243453c-9cf4-45cb-a9ba-9d4c26f6f53d
716,Cornall,59,91,519-182-5796,Gold,284272780,f02e5806-b79b-4959-935e-bce5125c3e6c
717,Opal,44,92,700-810-1926,Gold,081518375,5ae7d20c-27df-40d5-a201-d631b7575561
718,Muriel,77,38,959-900-2651,Gold,071921794,620a51b7-c77b-4c72-b904-92b7e58ece8e
719,Ketti,49,91,348-965-8995,Gold,101107080,3b8951a0-7dc3-4132-b8f1-41a29b2e12e0
720,Royal,21,77,473-982-6086,Platinum,124084672,14be652d-0018-46cc-8fe8-81ead44710b8
721,Lula,46,25,341-814-5594,Platinum,051504432,b4bb7b81-9ecf-47af-917a-90b09533cae5
722,Cherry,99,59,854-943-6209,Platinum,221472776,6aa6a7cd-53d9-4465-844b-994dcdd2c5a5
723,Nadya,64,27,607-690-9725,Platinum,103002251,d517149d-c260-4b69-9222-142de63f6e42
724,Hazel,1,98,811-851-7230,Bronze,091401919,b3e44388-5e28-4c61-8972-ef3eaf3f6900
725,Sandi,85,73,568-583-3298,Platinum,123084958,705895d0-b954-4411-b27b-b78bf50839bd
726,Johnnie,73,16,337-458-8778,Gold,061104958,46ae1df2-ef02-414a-a058-7331c29b5b18
727,Dorey,36,74,651-246-7835,Bronze,322275157,100fed29-d9c7-46c4-9161-7d4da4e49d3b
728,Jenda,67,21,278-409-7880,Platinum,042100188,cb24959e-99e0-40ea-996c-a9691b3b1faa
729,Nicole,86,6,996-120-9068,Platinum,021202175,8497b35d-d0b6-4fa2-a906-f52d8635eff0
730,Chiquia,57,30,309-633-5265,Gold,122237308,d5161f3f-ec71-472e-97ff-62fb2ec2afb1
731,Vale,88,71,382-526-3961,Gold,061092691,d72666b5-013e-48eb-9a9a-e72cc5383d74
732,Freddie,2,24,991-949-3838,Gold,091909217,02bf76d0-7a10-47de-8942-257e04a022ce
733,Kathy,51,69,909-736-6661,Silver,101113812,715505bd-9c52-4498-aeaf-638265b69c18
734,Chad,93,34,742-407-2416,Platinum,021313569,01c624c3-cb1a-4e68-b2de-4f1a99628a37
735,Dario,53,95,369-810-4934,Silver,075017947,5418d5b8-b472-4301-a7fc-8811c43c8bdf
736,Nehemiah,9,13,850-481-2232,Gold,107001067,686486fa-2335-4f4f-bd85-9957c0498790
737,Daphene,98,53,347-998-1957,Silver,122243703,07a5523c-ec04-4a77-a8f6-f837b52ff6e8
738,Cesar,99,58,653-680-9528,Platinum,111025518,2ef499d6-c80c-4513-8047-c8f1d4823b99
739,Anya,77,3,510-418-2656,Silver,107000796,479bd562-ed6a-4f7d-b1f3-65565504e0ff
740,Valeria,45,98,360-372-9844,Silver,072400447,8b2fd467-e9ea-4023-9c27-c422e7bdf086
741,Rochester,92,13,409-351-0371,Gold,314973593,d9bdcac8-4d75-4abd-8b21-66a25c4dca2f
742,Cash,46,90,485-747-8342,Gold,102089644,a414c092-3210-4f28-8921-08c373a7f10d
743,Giuseppe,8,16,264-456-8665,Silver,071924584,3c36e020-1a1d-46be-a09b-494dc666f90b
744,Teriann,84,83,453-456-6105,Silver,221471104,3a3b3951-bfd5-498f-a431-0bcc42619b6a
745,Suzette,65,57,907-347-2659,Silver,065400137,9b15d822-d2da-4963-b290-145acb6ef52c
746,Doralia,61,32,255-367-7751,Platinum,111319347,73f08fcb-70ab-4bbd-852c-ccb6beddbc96
747,Tallia,89,80,461-761-3950,Silver,253170253,a4446597-6db7-4671-9f5e-d5d0f5b1308b
748,Claiborne,63,33,663-871-0355,Bronze,061203642,d0a1debd-9410-4cfd-8cc9-f3b0d0a4f957
749,Storm,79,37,533-378-3483,Silver,112002080,02abd783-6fec-40f1-ab02-9da4ceeb9b4e
750,Davey,79,67,979-519-2962,Bronze,101202257,4b32ce22-1860-4c56-8313-54c6b7fc0b37
751,Ursula,31,50,148-801-6372,Gold,322281057,cf797103-2473-44a1-8322-f19906235a1d
752,Dory,72,20,932-726-7183,Platinum,053112217,8c11bcca-e460-404c-8461-cb99298e4e95
753,Dusty,93,69,382-561-7087,Bronze,072408708,00f496c7-96fc-44c4-92df-31e866b21200
754,Hans,50,24,457-328-7304,Gold,071900825,6c6c8b2a-8fa6-4f66-8fb7-399cf8e6c373
755,Rabi,70,49,613-128-5945,Gold,113008766,21a4b0d5-0f3e-42b8-ba86-cd4cfac26700
756,Mitzi,46,24,770-806-2969,Bronze,265470381,e36ebefc-bed2-4d3c-b2e2-c7e3c9bb8d3c
757,Faustine,40,83,607-745-0765,Platinum,021001208,06094991-4822-48b8-96de-4ee915c925ab
758,Rhody,86,51,570-824-0481,Silver,111000012,fd11c5ab-8c27-48bb-ae57-7ed3978d427a
759,Wally,72,65,909-722-8957,Platinum,011401135,02a8389c-80e7-4743-83ae-18280be72e65
760,Shelba,86,49,533-453-0055,Platinum,071920656,e7bb14fe-eb10-474a-8480-0cf5d4564e7c
761,Micheil,83,71,943-351-9638,Silver,111909634,4b41e86f-a74a-4465-b9f9-22065ea3a0a0
762,Mauricio,6,89,641-314-9057,Bronze,072413036,527c3d1f-760a-4e26-b789-2ea4fe10e5b5
763,Keeley,16,23,573-145-6529,Gold,121000358,c381d1d6-abb7-4bd3-bcd6-97525c07ae8d
764,El,26,83,776-360-1277,Gold,113109131,86c8caeb-43cb-44dc-b666-5352107027e4
765,Tore,32,54,423-362-4182,Silver,073921190,4c3f1651-f9bd-4adc-9f84-881abae767cd
766,Willa,56,66,291-674-4539,Bronze,061219830,9aeb1662-b76c-48dd-864d-4594a6acb9a3
767,Buckie,64,83,899-576-1433,Silver,053200064,fee897ec-fac1-4eec-a12f-5ab7e5192cf0
768,Rinaldo,87,25,624-328-8354,Platinum,021110209,575fdcff-52b9-4ce2-b453-01dc26fd86ed
769,Livvy,31,73,186-431-9434,Bronze,122400724,0ec055ee-b79d-4135-ae7d-58f05f48d231
770,Ilse,14,71,724-671-0954,Platinum,041206436,fa4f8be3-61d8-4bec-90d5-1c3153f3d964
771,Vonnie,73,61,970-904-0092,Bronze,053112660,01126a4e-935f-4554-8051-a6e087a1fcdb
772,Lotti,61,90,947-333-0530,Gold,073903150,3235c35c-bcc3-4a82-bd52-f5111a0f767b
773,Wash,93,11,390-983-6883,Gold,111322402,0328269b-8355-402c-87a0-88257c565aee
774,Britt,75,82,155-621-7765,Bronze,107089555,4e9853dc-cacb-47c6-b8df-23cc7600ad66
775,Marthena,13,64,225-288-2280,Silver,084201294,5fb49db5-6ba0-4713-9ee7-45b860a67cc2
776,Delly,73,97,718-755-0372,Silver,122239322,a0512262-c99e-4213-aa44-a32e0b9300b3
777,Gail,79,37,320-799-8888,Gold,122243321,56158225-bbe1-4741-b3ec-c1876322d6a5
778,Peder,14,50,256-232-0592,Gold,081912379,b9640421-20f5-4002-b5d2-be79885d2063
779,Salvidor,38,83,599-919-3857,Platinum,073918608,1a14f2c4-c14a-426c-8970-f99659eacaee
780,Teador,17,4,327-739-4479,Gold,107003418,6ecdafa4-c69c-47d4-b574-67a3f6d21af9
781,Antin,94,27,454-649-3847,Gold,065302044,f5e1fe6c-9808-49d3-922f-51fefa0b939c
782,Hillary,31,67,204-489-1599,Silver,125108764,12473b3e-7678-4eae-94dc-071b8072c86d
783,Kaitlin,76,31,700-160-7239,Gold,102103562,64310654-cd2e-46a5-a9e7-e50453fd063b
784,Aeriel,77,45,807-197-3209,Platinum,073921585,8b118d70-e390-407c-81ab-25ab74c3beee
785,Pall,3,95,288-959-9499,Silver,083900732,5d4c7b22-52c9-4e46-92e2-572a906943b6
786,Michail,49,92,813-551-7042,Gold,031309385,9ff3ee5b-3ad9-4a43-bfec-6b9947ec1ff8
787,Tully,75,63,857-372-3823,Platinum,121143891,406e83bc-36b8-4a90-963c-3ac489e78d85
788,Felicia,60,44,455-495-6256,Gold,021300462,022c3d14-f209-4458-9055-2318b449c688
789,Nikolaos,55,2,281-298-6253,Platinum,053112385,0fc23c6d-014d-4aa4-9e70-9940fc418c79
790,Inga,73,54,238-453-0938,Gold,062203735,9cc626c3-faa8-4764-9c97-1b3487f7da63
791,Xaviera,7,88,918-128-0320,Bronze,307072278,32dbab8d-891e-460c-8480-92c4e64a3fc5
792,Dita,21,70,984-221-4356,Bronze,071108669,7c14432a-6a47-4192-852c-e83c6f5367c4
793,Gordon,95,65,933-980-4813,Platinum,011375245,10e63bac-cd6f-44ca-8cc8-01938d7a8141
794,Herman,75,45,851-964-3330,Platinum,122240683,4cca917b-59a8-49fe-a04e-bbffb270d572
795,Bryan,52,87,956-365-9678,Silver,241272079,76042a54-fda9-48e4-beb5-1db0421b6994
796,Risa,84,7,538-360-5297,Bronze,321175180,99c2a779-188c-49c0-ab32-e02aa6d683c4
797,Dallas,34,56,191-605-7668,Bronze,103107046,7dd91de1-2531-4796-8e65-db3417d90a25
798,Sal,90,100,585-516-3398,Platinum,091905648,c4e42bb0-ba47-443e-87e7-ea0c6dbdf752
799,Birk,41,37,111-615-5078,Platinum,291471066,f91c88e5-465f-479f-a546-99bca27cb9d9
800,Tricia,81,4,308-106-3158,Platinum,226070555,ad12cd19-d416-454f-b3c3-5f05be19ac18
801,Jodi,31,76,764-208-8233,Platinum,064107376,217f3e35-b09e-4f62-8bc2-27819931a815
802,Phillis,95,39,256-804-5582,Gold,061103894,b91d3f56-ea50-4f9a-877f-b24742df28cf
803,Katey,20,8,913-407-8894,Platinum,071109891,b700e71f-20ed-4b81-98e9-1b4fb50dc519
804,Helene,6,52,974-344-9776,Gold,075902573,fcc27bea-5769-4cf5-98e0-4ba3fe0dbc34
805,Shelton,41,71,621-962-5960,Gold,211172785,58e1aac1-af6a-4ee3-a2ca-76e7524af5df
806,Stevie,57,77,488-790-9587,Platinum,062102933,9145f22a-ca1e-4e57-9e76-28f7e422794e
807,Isaak,51,55,904-511-1940,Bronze,063106734,80f206b9-2b08-499d-a77d-14c591e879d1
808,Elmore,40,12,123-829-1599,Silver,107006651,2affa910-8590-4e3d-9229-3e299539b078
809,Vick,50,26,703-400-8305,Bronze,073913425,dfebff92-6513-4153-af30-8ba8c4472197
810,Staci,63,72,330-494-1635,Gold,253272070,fc504a43-4aa8-4a0d-8dc4-dee355318fe3
811,Ali,72,67,149-560-8597,Gold,211371638,ab67a948-b694-43b0-a81f-fa7188408dff
812,Jo,14,12,760-380-0704,Gold,113104880,e3b20cb4-7a44-41ff-91b7-3afb36c0e51a
813,Launce,78,70,253-519-0885,Bronze,101202503,29a59cf5-dbcb-4905-bb47-c101b30f91d7
814,Ario,21,76,409-830-6160,Bronze,051402071,eaa5c2a0-b922-454b-97c6-f0df544f3535
815,Eydie,64,5,213-236-2945,Bronze,061103153,77232f14-11b9-4f94-add4-9897e439596d
816,Malvina,26,19,142-892-0740,Platinum,083903085,37194db6-3df3-4bf0-8c08-f6058c601267
817,Luise,33,53,169-195-5465,Bronze,071100269,e37c8933-2e2e-44ce-a3fe-d83b6fdbd30c
818,Chickie,18,63,867-918-0368,Silver,084301372,08597032-f573-4aae-ab10-a6dde9eecec8
819,Fania,100,36,858-999-9987,Gold,111104581,e55e247a-39ac-442f-8167-c8c2db848f56
820,Thorn,10,7,244-325-8441,Silver,121142779,badef5d1-b9ed-4b27-8241-b6359c0c6d36
821,Rodolphe,99,85,937-753-5592,Gold,221672851,f154b1d8-b316-48a5-b3f6-307db4ae75a7
822,Chrystal,32,19,666-111-7735,Bronze,091216612,a7661d6b-a8d7-4f3b-81d1-0e9d166cccab
823,Merilee,59,78,187-217-7158,Platinum,071001041,fe7f13da-fd8c-4880-9cfe-626f7c702cf9
824,Oby,95,81,489-275-8242,Silver,071001041,481b47ee-f99e-4542-a5da-6db655af75da
825,Ber,15,76,472-552-8913,Silver,091309846,f772840f-be6e-4060-938f-a0797d87f3e8
826,Hazel,82,14,425-573-2933,Gold,107002503,2e2cd413-305f-4f51-8265-98cc6421e73d
827,Gray,85,83,588-533-0927,Platinum,075902722,bf6d88db-f720-4783-b0b9-ff7fb223c8c7
828,Urbanus,30,1,152-964-4489,Bronze,091200592,5ac528b9-9cbd-4902-8af6-ff503790b8eb
829,Ramon,38,7,326-123-0381,Bronze,073914398,3fb65f45-2f3a-4f34-ad42-f6c9f3c1d683
830,Kinsley,16,20,702-302-6856,Platinum,101112716,86de4b73-d34a-493d-b4d5-a24a754d85b7
831,Jobie,42,64,617-687-2861,Platinum,211179995,519030da-c10f-4d7b-b308-295ca5aa9165
832,Tybalt,14,9,449-794-8632,Bronze,081506646,136a58df-4e15-47a1-b744-fba173e9c46a
833,Marjy,100,75,204-974-6603,Platinum,244172082,050cb583-97d9-4889-9977-04fef4593dcd
834,Berty,4,44,937-998-2189,Platinum,031911812,0f291e1f-571d-4078-81c6-62e7affd99bf
835,Jacquenette,39,16,236-635-8971,Silver,071900948,0dc67c44-012c-4a33-8211-f146f553de42
836,Cesaro,30,46,758-765-3656,Gold,113120291,c6220dc0-b6e6-45f4-a2ed-d44b26fe0040
837,Datha,34,75,322-481-6427,Gold,043315561,ef8fd4a5-06c0-4f8d-8f96-7b792ef43e18
838,Aubry,60,73,288-332-5236,Platinum,122239775,6cc13c02-82df-48bb-81e8-3de2bb64f850
839,Eunice,66,15,682-661-9890,Bronze,261170740,b49daadb-d80a-4789-ad3d-6c3385805c61
840,Anthe,68,87,315-455-0160,Bronze,114921842,b567e722-7c9d-4712-bb1e-ea3f0cc96572
841,Meggy,75,89,859-524-3481,Silver,321171964,5d992236-0f99-4e93-a57a-56c4db4675b4
842,Ali,82,91,719-951-1985,Gold,061302417,937d3fc3-401b-4fd1-8b99-faf9f895613c
843,Sadye,48,65,583-573-4919,Gold,052100929,0133cfff-e478-44dc-bedd-d3f1080bfa18
844,Gerta,84,21,211-990-6271,Gold,113119396,45b6c2c6-f0cb-4dea-8158-0cf7035369b4
845,Alix,96,61,256-303-1752,Platinum,122105809,5380fec2-d347-4ed3-b4c4-4ec49bfbd31a
846,Augusta,61,35,823-852-2541,Gold,074914274,d043c12d-ca39-4132-9cb6-fb692d6bc57b
847,Laurette,44,83,376-594-0218,Gold,063114580,322acefc-cb9a-44d5-85d3-baa9d5c6c1bb
848,Hurleigh,35,62,911-585-8339,Bronze,061119493,9fa00d32-925c-4df2-9437-ac64d8c5a238
849,Emelia,87,2,105-302-2553,Bronze,011104050,d5377f24-3b25-4869-a29d-59047699491d
850,Laetitia,88,41,467-984-5090,Platinum,073919416,6fa875fe-4aee-4008-91f8-15e63cd78f60
851,Patricia,76,23,787-191-2924,Bronze,081904808,5d4f993b-43df-4799-894d-adb719642d11
852,Gardiner,37,70,799-621-4287,Bronze,072411643,07ba1c4e-9768-42ba-a82d-46854f863d89
853,Nicki,28,69,492-637-0519,Gold,111101597,a29ff734-1e9b-44a5-b22e-41b4b043f6a5
854,Hubie,52,53,227-607-4378,Silver,091409704,72e75ed9-052c-480f-a1a1-69cac5e62292
855,Cale,45,9,374-702-0329,Gold,064208301,7e5e8855-ebc0-4c02-ac8e-2dd2f36263a3
856,Noella,96,83,899-915-1627,Bronze,067091780,5ab48ccb-58ae-49db-899f-002f20cd9243
857,Berny,70,79,871-774-5215,Silver,253171540,7698e178-2a85-41d4-8c69-5536d0ffb335
858,Tanny,55,81,629-708-6759,Silver,122241912,0d3630b6-b336-430c-96fd-06b716047553
859,Merle,45,13,214-379-2021,Silver,063114108,85d97f3b-e9b5-45ad-b99e-ecb8d7787fd9
860,Rriocard,17,76,615-429-3083,Platinum,082007791,3b7efadd-39a3-4161-ae1e-85eac392d853
861,Nancie,100,41,833-891-3888,Bronze,051408923,3553ffbb-ae22-4209-a50f-c7cd377cf706
862,Keri,62,19,613-204-5848,Bronze,064108757,1ac32453-7ec5-42cc-86b9-1e49c2f221bb
863,Jori,58,85,780-351-6714,Silver,114917924,3b2a9583-0fb6-4fee-a67b-67cbd11c4131
864,Cammy,2,33,588-982-5453,Bronze,101107860,2ed336b2-2bc8-48b1-8b3d-ee583b1e6397
865,Clint,9,79,918-402-8911,Bronze,084203043,e29fa01b-91c5-4866-88a9-bb3ae9c8ce9b
866,Willdon,3,94,106-729-8839,Platinum,053108580,5597c7ab-7fe9-4305-bdcd-0fe75329b411
867,Brand,14,12,687-917-7096,Platinum,011302519,138c66be-8092-4637-b9d9-52f8e677c808
868,Connie,1,44,446-331-6757,Silver,071924458,3e322483-019c-47cb-9ce5-f3060de31d98
869,Lyndsay,86,7,237-558-2099,Platinum,062206431,c56db993-b788-4203-8ecd-39174a53b532
870,Elbertine,47,100,983-612-9743,Platinum,211170130,dc62936b-863a-4735-b68a-0ab1dae6b917
871,Florinda,6,74,452-411-1397,Silver,075911920,9a79753b-7f4d-47f3-98c6-ba0cf19d5b40
872,Magda,90,84,411-186-6311,Silver,101107802,8ea8796a-c4db-4d8e-b717-485acda5386f
873,Hunfredo,39,12,433-280-3618,Platinum,053112042,ec810887-c625-47da-a68e-4692d2044550
874,Verney,82,91,729-788-2299,Gold,074000010,276319d6-e32b-41e8-88c8-bcb4ed52a859
875,Conroy,2,7,364-153-5441,Silver,322283178,83ea34a6-e3bc-4229-b5d3-c4646c3f750b
876,Cori,84,38,200-877-5279,Bronze,021907577,fb326923-2143-4dd0-8c10-023e1e54671a
877,Alyda,3,72,394-438-1960,Platinum,053112217,a0afe7dc-f165-46c8-9dc5-eb061aee2b4d
878,Nonie,13,92,491-187-4568,Gold,065302895,b23090cb-3770-428f-b474-ef2485c5b77b
879,Rania,40,98,330-357-7065,Bronze,064000017,5a3c1c7c-3e1d-42df-91f7-bfff802f8060
880,Natalina,65,53,939-340-5824,Gold,061110382,88901c3c-753c-4b13-8e4b-0d8f23d93aad
881,Adelheid,32,30,881-677-6907,Bronze,055000770,14325189-8a9b-44b7-b06a-fb164870ff31
882,Stepha,32,75,651-216-7332,Bronze,061107515,52cf6ac9-7f48-4bc6-8cf1-7a76cd0bc64e
883,Melosa,64,18,403-836-5332,Silver,072414239,8aa408c6-e9d2-4c35-809b-fc8c70eeac6f
884,Oralee,33,35,621-143-7759,Bronze,074903955,531155fd-45af-4775-abeb-ecd7823b6584
885,Queenie,30,33,982-803-9969,Platinum,122106219,56ce8d8d-e73e-4a16-8439-c91d57b074e2
886,Gilbert,57,54,915-674-9662,Platinum,073921569,39f82f1a-b200-434e-9a49-1374a27ae31a
887,Valli,59,79,968-405-3094,Bronze,122106125,95a4b36d-438d-47cb-b79b-b1d9a8f76263
888,Mariana,42,54,432-807-0435,Platinum,053112738,5813604c-5706-45e7-b81d-c04bcfdd13b4
889,Pammy,6,25,462-462-1520,Bronze,053107989,3007ab33-91b5-466b-82c8-d6aae67335a8
890,Clementina,51,94,897-783-5062,Platinum,011110659,df4fec58-eb1c-47ce-9365-5c8563c72fb1
891,Lorelle,27,46,583-588-8665,Bronze,125102278,756863a3-a401-4b34-aa7b-052546804143
892,Livvie,99,45,395-389-4194,Gold,111924363,a0bbc3b8-d05b-4e56-881f-80be81b55e3b
893,Lynett,76,26,640-821-8227,Silver,122106109,e5b93d25-acd6-4b04-84f3-c1ff921c9c44
894,Ranee,51,78,714-934-0349,Gold,107004637,2141c00f-3237-4112-b22e-35d7c95c5312
895,Alphonse,5,63,676-957-7020,Bronze,053112275,bb1ae80d-5e0e-41cf-84ad-008fa16fe55a
896,Eleonora,5,70,417-279-6516,Bronze,113105025,22e42db1-475d-4355-b102-1c887d97b8a0
897,Karlens,26,34,466-164-5286,Bronze,073909578,a08eb90d-342d-4658-8b2b-e4ae58bc4c3b
898,Lenka,98,98,690-193-5497,Silver,052100929,9d744d5b-f4be-4ddf-919c-0634bfde77e3
899,Huey,31,83,699-460-2818,Silver,071908869,1e87f9c8-99ce-458c-9645-efd3b8b998df
900,Jada,80,46,312-532-5162,Gold,056005318,0d77b423-f001-4ea8-8e2e-6c36e6c45e35
901,Sargent,19,98,818-692-4884,Silver,114902874,eea62640-cbf5-4593-85cd-f3585056c47a
902,Waiter,74,33,123-680-6620,Silver,074912988,5415fe0c-4dcb-4760-9031-2062c6a96f09
903,Eberto,8,34,316-462-5719,Platinum,067015119,74fcce98-93b4-4591-87ce-04d6d85fa74d
904,Ginelle,70,72,297-436-3324,Gold,243470196,180219bc-0c68-4ead-b2d3-b6af7e7595cd
905,Fionna,64,85,721-329-7116,Platinum,211170185,1e0c3cb4-4e30-4568-b08f-830aa128f3b4
906,Marge,67,14,664-411-7972,Bronze,091906760,29560251-3a8c-45b6-bc31-2055fe4ef460
907,Jone,89,92,824-686-8736,Platinum,073921226,86fe3993-5d99-4ad3-8b36-b28a8e429418
908,Ajay,41,80,134-444-2355,Silver,064204444,ac4682ca-e5f2-406b-9fd6-fd409ed67641
909,Ravi,73,60,617-461-6525,Bronze,075901354,23a9cbd0-a658-4096-b837-9290621ae040
910,Randa,77,75,877-599-6725,Bronze,061000010,583326a1-db26-42d4-a7b1-b1831a777759
911,Loise,56,92,329-831-7488,Silver,103112617,6c6034e6-9998-4aae-b8d6-bd68d758b737
912,Colly,57,75,843-269-5602,Bronze,111306871,d8bd07f9-6582-406a-ba0d-cdf82be8e9b4
913,Felicdad,34,1,548-582-2799,Bronze,104900585,89a44a89-c56a-4607-b8c8-653a708fd277
914,Enrichetta,2,45,858-183-6828,Platinum,063101454,c2d9af62-5070-4b60-9154-8f0ab0d32a9e
915,Frederica,98,29,584-619-9297,Gold,101200518,4ed07ca2-2941-48b2-b596-31fe33a778ad
916,Nolana,54,24,669-363-0407,Gold,072400670,2ea2ff4c-5dc5-4fdc-b486-640ae4e24358
917,Tanny,17,16,941-912-0810,Platinum,114012641,f517d76c-31d3-4361-8270-e5787069787e
918,Lani,34,49,415-755-1731,Silver,064101178,30105860-6772-48a4-8508-acfea7ebb368
919,Hyacinthia,57,16,956-956-4473,Platinum,325170835,507ac0e0-4c51-4c62-8c77-c8c51308e801
920,Catharine,60,2,100-904-6186,Silver,071900948,050c6740-5e8b-4628-b5f0-e2a4d416f7a0
921,Dorena,15,10,660-451-4724,Gold,124103786,234c1576-ce3b-4b69-b561-4992925bf68b
922,Ebonee,53,23,692-411-0896,Gold,073902766,947f9b79-adf4-4959-881f-b95612a12b4c
923,Evelyn,66,89,540-945-2109,Bronze,111104785,68439b82-c7de-416a-89ee-f6325236a8bb
924,Diann,74,21,256-525-9525,Bronze,021272626,50234348-c06a-4d38-9b24-9cf29c5c7e85
925,Ludovico,24,49,769-232-6935,Gold,291481483,30a91bf6-09f9-4746-b932-655d166bbf0b
926,Chrissie,95,69,944-496-3342,Gold,113116292,3361c411-3a4b-48aa-b2a9-22add4e01dce
927,Sawyere,81,24,793-852-1246,Bronze,011600868,59ba0768-ba96-46a4-88ed-bed70e77ebfa
928,Veradis,50,74,692-212-1715,Bronze,211174356,5088e76e-7d23-486e-91f8-6c42994577fd
929,Breena,54,65,534-351-8294,Platinum,125008547,0ea5939c-981a-40f9-a49a-be1aa5871d57
930,Timotheus,49,33,709-349-8337,Platinum,063114289,5f7245c3-65ee-4273-9794-27791c6c47b4
931,Early,83,74,765-588-0159,Platinum,325180414,ce72698d-fd0f-43d2-bf3c-3d46d1807c58
932,Trace,4,17,424-947-6349,Gold,122243541,198519c4-d7b7-48fd-99eb-c4e20c8e7260
933,Matelda,5,93,182-510-7339,Silver,111910005,0df81b1f-7a8d-4c35-b101-1b432fd39249
934,Garey,43,10,215-782-6536,Gold,322275487,aa3e0319-9e8d-4d28-8718-b7e0fa77f8a1
935,Ilsa,51,15,694-708-2954,Platinum,081207097,8ba9b066-d011-4314-bd08-5aa1e751432c
936,Delmor,48,89,653-730-8232,Bronze,272471124,8394724c-566f-49e8-9143-b42973832ac9
937,Charyl,11,6,708-337-0173,Platinum,051502175,363c9817-5336-416b-b2f9-20db17c98777
938,Alina,40,76,344-612-2747,Bronze,081205455,33d075a3-a77d-4f29-a836-3a131f345f17
939,Grover,85,38,646-227-7713,Bronze,114911580,502161e2-9838-44f7-9790-b09258901087
940,Kaitlin,43,56,783-409-3466,Gold,071923255,e1c266f2-f8b3-4c8f-8025-6f43acd36521
941,Rubina,7,86,953-977-7163,Gold,211070146,931e3408-de2e-4b05-ab0c-34d600b900a7
942,Herschel,23,33,909-578-4653,Bronze,291270636,ecff7f35-6b28-4631-a847-564307b6405d
943,Corrianne,7,69,352-495-0153,Bronze,084205656,6a5049ec-f2fd-4e78-856f-58d7bab6cb23
944,Caryl,68,2,587-293-3679,Silver,122244582,9cf560e0-f9f0-43d5-a902-f062e287a4dc
945,Allin,44,80,848-437-3811,Gold,051405272,190166c2-f36e-41f4-85d2-7aa2d260df6d
946,Lucina,29,89,865-306-8217,Gold,107006305,eed42d9c-199e-4eaa-9c15-07a357390446
947,Laney,64,50,985-502-6622,Silver,082903497,22cb66e5-a6fb-4a93-be95-81146d017353
948,Avrit,67,19,465-236-3475,Gold,071921532,c5a3db49-95fa-4e7c-aded-59b93f869321
949,Petrina,28,71,863-444-5312,Gold,082008923,f0456d44-85cc-4372-82cb-819eff66de1c
950,Matt,36,100,517-301-7004,Silver,101000187,d7bdc3d8-3f82-48ed-8d48-c46e0b473695
951,Karolina,65,68,382-902-8766,Gold,073914398,1d979e0b-780a-4aa6-b001-40d958659953
952,Jakie,40,51,178-809-9930,Silver,107006936,17f6d64e-9ded-4510-8761-36bcdfe295e7
953,Yoko,60,31,923-195-6437,Gold,325171740,833a7c9d-a3c3-469c-a270-83205ccc2d47
954,Christiano,40,11,155-525-0938,Gold,021973019,d3ca69f1-0323-48bf-b3ce-f565b3d1d6b3
955,Eolande,40,61,585-895-2958,Platinum,072402212,b869e240-d24a-4755-b138-514f35e77aed
956,Daryl,49,32,194-550-1702,Gold,041204726,64ae3a40-5ff2-44d4-a59b-6057d36cf064
957,Mareah,47,9,396-718-7466,Platinum,041215773,6b44eccc-c3cf-42c2-a0a0-3d5e73ee45cb
958,Neila,7,17,296-140-6010,Platinum,021207280,4e27be64-c460-4f92-bd74-64255b5ac65f
959,Ivan,72,33,803-243-0428,Bronze,321181200,5e992487-04a4-45ff-b314-ef89ed30bddc
960,Fabien,72,3,169-437-3355,Platinum,031275998,ee878921-ea68-4088-9919-ad6a4e011f35
961,Eadie,98,19,227-652-2715,Gold,091016498,b09d0374-b6c6-40b1-876a-1678506c3f26
962,Orren,23,42,449-328-1515,Gold,053112246,ae095147-dc36-41f1-aa97-2e8d311e1643
963,Shea,50,96,686-476-6684,Silver,321071077,0b4d8e5c-6a58-4084-aeb0-f86823cf3187
964,Leesa,64,52,418-341-4592,Silver,255072317,9ae10668-df29-412a-b3c4-c7d1b341f417
965,Rudie,32,93,771-471-6117,Platinum,211170279,3496db65-b3c7-40ab-9727-0991bf533f1b
966,Betta,25,66,492-226-7181,Gold,041211298,a546cda3-aa38-4c93-9745-732d14ef5218
967,Collette,38,41,402-581-5708,Bronze,222370440,fecb6675-36df-4dba-bbb6-e87d9a5f72a6
968,Sheelagh,54,52,911-505-7593,Silver,053112233,33b255ba-e167-447e-9aec-644b16c2dc1e
969,Gianina,28,83,494-600-0573,Silver,021906471,b84054bd-8d70-4b2a-be00-7ccc20f0f99e
970,Lulu,33,17,205-324-3149,Platinum,072408504,e2f1d405-bd32-42b3-af0e-a3d72bf3d8ec
971,Alix,19,17,298-959-6667,Platinum,114911807,3bd6b561-73c5-4232-9414-1e2f6e725d24
972,Erina,43,77,722-532-8254,Bronze,072412435,8de8f20b-c09c-4f55-8b7c-11f18015fac7
973,Kayla,85,2,101-935-3631,Silver,083901773,877fa7bc-c226-4e1d-abd4-ba7ab2c8cd58
974,Norrie,37,20,955-656-0407,Platinum,325182564,a6a292da-1579-48f0-a103-82b03881ce88
975,Tait,12,24,241-347-4972,Platinum,062200961,ec2a23a2-4fb2-4f9d-8c4e-0bc7fa87556b
976,Shaylah,84,45,255-987-0193,Gold,111104879,e6a2c939-0d4a-492b-9413-7f279e22eb75
977,Vanda,78,30,645-279-3180,Gold,322282292,317d773e-384a-4c17-802d-07c38e0c5727
978,Leonanie,3,2,964-301-2347,Silver,021113086,6925ef6f-8abe-46f2-9c43-9f73d1c58e4e
979,Filia,16,19,129-666-7288,Bronze,051400549,123a3a67-d0a5-4ab9-899f-c2482f537297
980,Romy,86,78,467-258-5550,Platinum,123206778,435d478b-9ef0-4161-b27d-4308312207de
981,Theresita,59,47,225-986-5398,Gold,075912819,5714d29c-f463-453a-a276-40fe980f9532
982,Susannah,25,96,148-492-7508,Bronze,101112318,5e170caa-489f-41f8-ac23-a1ae528bbf31
983,Aimee,71,40,710-316-6250,Silver,082901622,6f9b1f63-28d8-40ac-b414-8623c40c11f6
984,Cece,5,68,621-485-4652,Bronze,113105465,008d2029-c1b1-41dc-8f6f-2007b595fd8e
985,Darwin,71,75,383-598-0180,Platinum,062006495,dac98f89-72d9-4507-94e4-94efdec95265
986,Alikee,34,16,943-463-0958,Platinum,102103588,01b3fe1b-3194-4147-b4c3-279636448278
987,Ange,78,48,764-638-2921,Gold,104913912,797bd8ce-dbbf-4a6f-aa58-a831ec232fc8
988,Melody,4,25,400-546-2218,Silver,031902216,068589d1-e486-4873-976e-606003ce806e
989,Christalle,97,42,823-443-2226,Platinum,084307033,e90b3d2f-3fe1-4a5f-8d69-22018dc5b51b
990,Pattie,99,88,887-234-3556,Silver,123202280,0c3e16bd-1285-4448-b8c0-38f7e76a8bed
991,Gard,88,98,260-642-2052,Bronze,271975951,6077ff3a-6e94-4941-9253-fd743812f8bb
992,Linzy,54,37,857-617-5682,Gold,107002532,20c753f6-4589-40e6-b083-ce247eb41008
993,Dore,23,61,126-752-1200,Silver,082900487,5b8d04cb-dce7-4d91-af7b-8d6aeb735e4c
994,Edwina,50,17,238-689-1568,Bronze,121141822,18da9ab6-dc9a-490e-9bcc-3a3fae525a55
995,Greer,20,96,526-963-4442,Bronze,021201600,b66b56f4-1e39-401a-904b-8d59ef17f912
996,Karalee,45,96,422-292-6636,Platinum,075000019,7f909724-f5cf-40b7-85db-6b215c6ddcfa
997,Elberta,86,84,574-639-7212,Gold,271974062,8ede8e61-7ba5-42d8-b04f-a2d533ebc84e
998,Ivett,10,91,301-730-3151,Bronze,063114690,c900bd9c-09cb-411c-83ab-94f7d85a6385
999,Kessia,10,58,825-716-3644,Bronze,075906702,bb0f483a-3d41-4763-9c50-fbaa85b6e96e
1000,Annalise,15,92,143-820-2662,Silver,021301678,ede9f11d-523a-4add-a2e5-4e82f599d8dc
